strain,insertion: 29bp @ ref pos 0,insertion: 1bp @ ref pos 9,insertion: 1bp @ ref pos 10,insertion: 3bp @ ref pos 12,insertion: 1bp @ ref pos 13,insertion: 1bp @ ref pos 17,insertion: 1bp @ ref pos 21,insertion: 1bp @ ref pos 22,insertion: 1bp @ ref pos 24,insertion: 1bp @ ref pos 26,insertion: 1bp @ ref pos 31,insertion: 1bp @ ref pos 73,insertion: 1bp @ ref pos 82,insertion: 1bp @ ref pos 439,insertion: 1bp @ ref pos 564,insertion: 1bp @ ref pos 565,insertion: 1bp @ ref pos 569,insertion: 1bp @ ref pos 620,insertion: 8bp @ ref pos 633,insertion: 1bp @ ref pos 636,insertion: 35bp @ ref pos 642,insertion: 35bp @ ref pos 666,insertion: 12bp @ ref pos 673,insertion: 6bp @ ref pos 680,insertion: 14bp @ ref pos 681,insertion: 7bp @ ref pos 689,insertion: 2bp @ ref pos 695,insertion: 23bp @ ref pos 712,insertion: 1bp @ ref pos 719,insertion: 2bp @ ref pos 2672,insertion: 6bp @ ref pos 3304,insertion: 75bp @ ref pos 5436,insertion: 1bp @ ref pos 6744,insertion: 2bp @ ref pos 7339,insertion: 101bp @ ref pos 7367
MG739635.1,T,,,,,,,,,C,,,,,,,,,,,,,,,,,,,,,,,,,
KT285484.1,T,,,,,,,,,T,,,,,,,,,,,,,,,,,,,,,,,,,
MK989726.1,TGTTTGCGAACGAGTTTAGGATT,,,,,,,,,C,,,,,,,,,,,,,,,,,,,,,,,,,
MK989725.1,AAAACAACTTATCCGTTATCCGT,,,,,,,,,C,,,,,,,,,,,,,,,,,,,,,,,,,
KU982561.1,,G,,,,,,,,C,,,,,,,,,,,,,,,,,,,,,,,,,
OP321143.1,,,T,,,,,,,C,,,,,,,,,,,,,,,,,,,,,,,,,
PV448644.1,,,C,,,,,,,C,,,,,,,,,,,,,,,,,,,,,,,,,
PQ238649.1,,,,GAG,,,,,,G,,,,,,,,,,,,,,,,,,,,,,,,,
PQ238654.1,,,,GGG,,,,,,T,,,,,,,,,,,,,,,,,,,,,,,,,
PQ238662.1,,,,TTG,,,,,,C,,,,,,,,,,,,,,,,,,,,,,,,,
PQ238644.1,,,,G,,,,,,C,,,,,,,,,,,,,,,,,,,,,,,,,
PQ238681.1,,,,C,,,,,,G,,,,,,,,,,,,,,,,,,,,,,,,,
PQ238687.1,,,,C,,,,,,G,,,,,,,,,,,,,,,,,,,,,,,,,
PQ238562.1,,,,,T,,,C,,C,,,,,,,,,,,,,,,,,,,,,,,,,
OP321151.1,,,,,G,,,,,C,,,,,,,,,,,,,,,,,,,,,,,,,
KU982558.1,,,,,,G,,,,C,,,,,,,,,,,,,,,,,,,,,,,,,
KU982559.1,,,,,,G,,,,C,,,,,,,,,,,,,,,,,,,,,,,,,
KU982560.1,,,,,,G,,,,C,,,,,,,,,,,,,,,,,,,,,,,,,
PQ238632.1,,,,,,,G,,,G,,,,,,,,,,,,,,,,,,,,,,,,,
PQ238656.1,,,,,,,G,,,G,,,,,,,,,,,,,,,,,,,,,,,,,
PQ238668.1,,,,,,,G,,,G,,,,,,,,,,,,,,,,,,,,,,,,,
PQ238715.1,,,,,,,,,G,G,,,,,,,,,,,,,,,,,,,,,TCCGGT,,,,
KU844179.1,,,,,,,,,,C,,,,,,,,,,,,,,,,,,,,,,,,,
MN240507.1,,,,,,,,,,C,,,,,,,,,,,,,,,,,,,,,,,,,
MN240508.1,,,,,,,,,,C,,,,,,,,,,,,,,,,,,,,,,,,,
PV448634.1,,,,,,,,,,C,,,,,,,,,,,,,,,,,,,,,,,,,
PV448637.1,,,,,,,,,,C,,,,,,,,,,,,,,,,,,,,,,,,,
PV448647.1,,,,,,,,,,C,,,,,,,,,,,,,,,,,,,,,,,,,
PV448650.1,,,,,,,,,,C,,,,,,,,,,,,,,,,,,,,,,,,,
PV448640.1,,,,,,,,,,C,,,,,,,,,,,,,,,,,,,,,,,,,
PV448636.1,,,,,,,,,,C,,,,,,,,,,,,,,,,,,,,,,,,,
PV448646.1,,,,,,,,,,C,,,,,,,,,,,,,,,,,,,,,,,,,
OQ784116.1,,,,,,,,,,C,,,,,,,,,,,,,,,,,,,,,,,,,
PP474896.1,,,,,,,,,,C,,,,,,,,,,,,,,,,,,,,,,,,,
PP474897.1,,,,,,,,,,C,,,,,,,,,,,,,,,,,,,,,,,,,
OR235128.1,,,,,,,,,,C,,,,,,,,,,,,,,,,,,,,,,,,,
OP572051.1,,,,,,,,,,C,,,,,,,,,,,,,,,,,,,,,,,,,
OP321153.1,,,,,,,,,,C,,,,,,,,,,,,,,,,,,,,,,,,,
OP572083.1,,,,,,,,,,C,,,,,,,,,,,,,,,,,,,,,,,,,
OP572059.1,,,,,,,,,,C,,,,,,,,,,,,,,,,,,,,,,,,,
OP321145.1,,,,,,,,,,C,,,,,,,,,,,,,,,,,,,,,,,,,
OP572080.1,,,,,,,,,,C,,,,,,,,,,,,,,,,,,,,,,,,,
OP572058.1,,,,,,,,,,C,,,,,,,,,,,,,,,,,,,,,,,,,
OP321141.1,,,,,,,,,,C,,,,,,,,,,,,,,,,,,,,,,,,,
OP321144.1,,,,,,,,,,C,,,,,,,,,,,,,,,,,,,,,,,,,
OP572078.1,,,,,,,,,,C,,,,,,,,,,,,,,,,,,,,,,,,,
PP474898.1,,,,,,,,,,C,,,,,,,,,,,,,,,,,,,,,,,,,
PV448645.1,,,,,,,,,,C,,,,,,,,,,,,,,,,,,,,,,,,,
OP572039.1,,,,,,,,,,C,,,,,,,,,,,,,,,,,,,,,,,,,
OP572054.1,,,,,,,,,,C,,,,,,,,,,,,,,,,,,,,,,,,,
OP572063.1,,,,,,,,,,C,,,,,,,,,,,,,,,,,,,,,,,,,
OP572056.1,,,,,,,,,,C,,,,,,,,,,,,,,,,,,,,,,,,,
OP572082.1,,,,,,,,,,C,,,,,,,,,,,,,,,,,,,,,,,,,
OP572094.1,,,,,,,,,,C,,,,,,,,,,,,,,,,,,,,,,,,,
OP572044.1,,,,,,,,,,C,,,,,,,,,,,,,,,,,,,,,,,,,
OP572047.1,,,,,,,,,,C,,,,,,,,,,,,,,,,,,,,,,,,,
OP572072.1,,,,,,,,,,C,,,,,,,,,,,,,,,,,,,,,,,,,
OP572090.1,,,,,,,,,,C,,,,,,,,,,,,,,,,,,,,,,,,,
PP474899.1,,,,,,,,,,C,,,,,,,,,,,,,,,,,,,,,,,,,
PV448635.1,,,,,,,,,,C,,,,,,,,,,,,,,,,,,,,,,,,,
PV448638.1,,,,,,,,,,C,,,,,,,,,,,,,,,,,,,,,,,,,
PV448643.1,,,,,,,,,,C,,,,,,,,,,,,,,,,,,,,,,,,,
PV448641.1,,,,,,,,,,C,,,,,,,,,,,,,,,,,,,,,,,,,
PV448642.1,,,,,,,,,,C,,,,,,,,,,,,,,,,,,,,,,,,,
PV448648.1,,,,,,,,,,C,,,,,,,,,,,,,,,,,,,,,,,,,
PV448639.1,,,,,,,,,,C,,,,,,,,,,,,,,,,,,,,,,,,,
OP779778.1,,,,,,,,,,C,,,,,,,,,,,,,,,,,,,,,,,,,
PP893080.1,,,,,,,,,,C,,,,,,,,,,,,,,,,,,,,,,,,,
OR235130.1,,,,,,,,,,C,,,,,,,,,,,,,,,,,,,,,,,,,
OP572035.1,,,,,,,,,,C,,,,,,,,,,,,,,,,,,,,,,,,,
OP572062.1,,,,,,,,,,C,,,,,,,,,,,,,,,,,,,,,,,,,
OP321150.1,,,,,,,,,,C,,,,,,,,,,,,,,,,,,,,,,,,,
OP572046.1,,,,,,,,,,C,,,,,,,,,,,,,,,,,,,,,,,,,
OP572048.1,,,,,,,,,,C,,,,,,,,,,,,,,,,,,,,,,,,,
OP572052.1,,,,,,,,,,C,,,,,,,,,,,,,,,,,,,,,,,,,
OP572065.1,,,,,,,,,,C,,,,,,,,,,,,,,,,,,,,,,,,,
OP572087.1,,,,,,,,,,C,,,,,,,,,,,,,,,,,,,,,,,,,
OP572064.1,,,,,,,,,,C,,,,,,,,,,,,,,,,,,,,,,,,,
OP572036.1,,,,,,,,,,C,,,,,,,,,,,,,,,,,,,,,,,,,
OP321146.1,,,,,,,,,,C,,,,,,,,,,,,,,,,,,,,,,,,,
OP321154.1,,,,,,,,,,C,,,,,,,,,,,,,,,,,,,,,,,,,
OP572045.1,,,,,,,,,,C,,,,,,,,,,,,,,,,,,,,,,,,,
PP474891.1,,,,,,,,,,C,,,,,,,,,,,,,,,,,,,,,,,,,
PP474892.1,,,,,,,,,,C,,,,,,,,,,,,,,,,,,,,,,,,,
PP474893.1,,,,,,,,,,C,,,,,,,,,,,,,,,,,,,,,,,,,
PP474894.1,,,,,,,,,,C,,,,,,,,,,,,,,,,,,,,,,,,,
PP474887.1,,,,,,,,,,C,,,,,,,,,,,,,,,,,,,,,,,,,
PP474888.1,,,,,,,,,,C,,,,,,,,,,,,,,,,,,,,,,,,,
PP474874.1,,,,,,,,,,C,,,,,,,,,,,,,,,,,,,,,,,,,
PP474875.1,,,,,,,,,,C,,,,,,,,,,,,,,,,,,,,,,,,,
PP474876.1,,,,,,,,,,C,,,,,,,,,,,,,,,,,,,,,,,,,
PP474877.1,,,,,,,,,,C,,,,,,,,,,,,,,,,,,,,,,,,,
PP474878.1,,,,,,,,,,C,,,,,,,,,,,,,,,,,,,,,,,,,
PP474880.1,,,,,,,,,,C,,,,,,,,,,,,,,,,,,,,,,,,,
PP474879.1,,,,,,,,,,C,,,,,,,,,,,,,,,,,,,,,,,,,
PP474881.1,,,,,,,,,,C,,,,,,,,,,,,,,,,,,,,,,,,,
PP474882.1,,,,,,,,,,C,,,,,,,,,,,,,,,,,,,,,,,,,
PP474883.1,,,,,,,,,,C,,,,,,,,,,,,,,,,,,,,,,,,,
PP474884.1,,,,,,,,,,C,,,,,,,,,,,,,,,,,,,,,,,,,
PP474885.1,,,,,,,,,,C,,,,,,,,,,,,,,,,,,,,,,,,,
PP474886.1,,,,,,,,,,C,,,,,,,,,,,,,,,,,,,,,,,,,
PP474889.1,,,,,,,,,,C,,,,,,,,,,,,,,,,,,,,,,,,,
PP474890.1,,,,,,,,,,C,,,,,,,,,,,,,,,,,,,,,,,,,
PQ287507.1,,,,,,,,,,C,,,,,,,,,,,,,,,,,,,,,,,,,
OP572055.1,,,,,,,,,,C,,,,,,,,,,,,,,,,,,,,,,,,,
OP572043.1,,,,,,,,,,C,,,,,,,,,,,,,,,,,,,,,,,,,
OP572071.1,,,,,,,,,,C,,,,,,,,,,,,,,,,,,,,,,,,,
PP474845.1,,,,,,,,,,C,,,,,,,,,,,,,,,,,,,,,,,,,
PP474846.1,,,,,,,,,,C,,,,,,,,,,,,,,,,,,,,,,,,,
PP474847.1,,,,,,,,,,C,,,,,,,,,,,,,,,,,,,,,,,,,
PP474848.1,,,,,,,,,,C,,,,,,,,,,,,,,,,,,,,,,,,,
PP474849.1,,,,,,,,,,C,,,,,,,,,,,,,,,,,,,,,,,,,
PP474850.1,,,,,,,,,,C,,,,,,,,,,,,,,,,,,,,,,,,,
PP474852.1,,,,,,,,,,C,,,,,,,,,,,,,,,,,,,,,,,,,
PP474853.1,,,,,,,,,,C,,,,,,,,,,,,,,,,,,,,,,,,,
PP474857.1,,,,,,,,,,C,,,,,,,,,,,,,,,,,,,,,,,,,
PP474855.1,,,,,,,,,,C,,,,,,,,,,,,,,,,,,,,,,,,,
PP474856.1,,,,,,,,,,C,,,,,,,,,,,,,,,,,,,,,,,,,
PP474861.1,,,,,,,,,,C,,,,,,,,,,,,,,,,,,,,,,,,,
OP572040.1,,,,,,,,,,C,,,,,,,,,,,,,,,,,,,,,,,,,
PP474858.1,,,,,,,,,,C,,,,,,,,,,,,,,,,,,,,,,,,,
PP474859.1,,,,,,,,,,C,,,,,,,,,,,,,,,,,,,,,,,,,
PP474851.1,,,,,,,,,,C,,,,,,,,,,,,,,,,,,,,,,,,,
PP474860.1,,,,,,,,,,C,,,,,,,,,,,,,,,,,,,,,,,,,
PP474863.1,,,,,,,,,,C,,,,,,,,,,,,,,,,,,,,,,,,,
OR235127.1,,,,,,,,,,C,,,,,,,,,,,,,,,,,,,,,,,,,
OR235129.1,,,,,,,,,,C,,,,,,,,,,,,,,,,,,,,,,,,,
OP572066.1,,,,,,,,,,C,,,,,,,,,,,,,,,,,,,,,,,,,
OR235131.1,,,,,,,,,,C,,,,,,,,,,,,,,,,,,,,,,,,,
OP321147.1,,,,,,,,,,C,,,,,,,,,,,,,,,,,,,,,,,,,
OP572049.1,,,,,,,,,,C,,,,,,,,,,,,,,,,,,,,,,,,,
PP474862.1,,,,,,,,,,C,,,,,,,,,,,,,,,,,,,,,,,,,
PP474864.1,,,,,,,,,,C,,,,,,,,,,,,,,,,,,,,,,,,,
PP474865.1,,,,,,,,,,C,,,,,,,,,,,,,,,,,,,,,,,,,
PP474866.1,,,,,,,,,,C,,,,,,,,,,,,,,,,,,,,,,,,,
PP474867.1,,,,,,,,,,C,,,,,,,,,,,,,,,,,,,,,,,,,
PP474868.1,,,,,,,,,,C,,,,,,,,,,,,,,,,,,,,,,,,,
PP474869.1,,,,,,,,,,C,,,,,,,,,,,,,,,,,,,,,,,,,
PP474870.1,,,,,,,,,,C,,,,,,,,,,,,,,,,,,,,,,,,,
PP474854.1,,,,,,,,,,C,,,,,,,,,,,,,,,,,,,,,,,,,
PP474873.1,,,,,,,,,,C,,,,,,,,,,,,,,,,,,,,,,,,,
OP572076.1,,,,,,,,,,C,,,,,,,,,,,,,,,,,,,,,,,,,
PP474844.1,,,,,,,,,,C,,,,,,,,,,,,,,,,,,,,,,,,,
PP474871.1,,,,,,,,,,C,,,,,,,,,,,,,,,,,,,,,,,,,
PP474872.1,,,,,,,,,,C,,,,,,,,,,,,,,,,,,,,,,,,,
OP572089.1,,,,,,,,,,C,,,,,,,,,,,,,,,,,,,,,,,,,
OP572073.1,,,,,,,,,,C,,,,,,,,,,,,,,,,,,,,,,,,,
OP572088.1,,,,,,,,,,C,,,,,,,,,,,,,,,,,,,,,,,,,
OP572085.1,,,,,,,,,,C,,,,,,,,,,,,,,,,,,,,,,,,,
OP572086.1,,,,,,,,,,C,,,,,,,,,,,,,,,,,,,,,,,,,
OP572068.1,,,,,,,,,,C,,,,,,,,,,,,,,,,,,,,,,,,,
OP572050.1,,,,,,,,,,C,,,,,,,,,,,,,,,,,,,,,,,,,
OP572093.1,,,,,,,,,,C,,,,,,,,,,,,,,,,,,,,,,,,,
PP474838.1,,,,,,,,,,C,,,,,,,,,,,,,,,,,,,,,,,,,
PP474839.1,,,,,,,,,,C,,,,,,,,,,,,,,,,,,,,,,,,,
PP474840.1,,,,,,,,,,C,,,,,,,,,,,,,,,,,,,,,,,,,
PP474841.1,,,,,,,,,,C,,,,,,,,,,,,,,,,,,,,,,,,,
PP474842.1,,,,,,,,,,C,,,,,,,,,,,,,,,,,,,,,,,,,
PP474843.1,,,,,,,,,,C,,,,,,,,,,,,,,,,,,,,,,,,,
OP321142.1,,,,,,,,,,C,,,,,,,,,,,,,,,,,,,,,,,,,
OP572038.1,,,,,,,,,,C,,,,,,,,,,,,,,,,,,,,,,,,,
OP572074.1,,,,,,,,,,C,,,,,,,,,,,,,,,,,,,,,,,,,
OP572041.1,,,,,,,,,,C,,,,,,,,,,,,,,,,,,,,,,,,,
PQ238705.1,,,,,,,,,,C,,,,,,,,,,,,,,,,,,,,,,,,,
PQ238689.1,,,,,,,,,,C,,,,,,,,,,,,,,,,,,,,,,,,,
PQ238646.1,,,,,,,,,,C,,,,,,,,,,,,,,,,,,,,,,,,,
PQ238690.1,,,,,,,,,,C,,,,,,,,,,,,,,,,,,,,,,,,,
PQ238653.1,,,,,,,,,,C,,,,,,,,,,,,,,,,,,,,,,,,,
PQ238679.1,,,,,,,,,,C,,,,,,,,,,,,,,,,,,,,,,,,,
PQ819575.1,,,,,,,,,,C,,,,,,,,,,,,,,,,,,,,,,,,,
PQ819576.1,,,,,,,,,,C,,,,,,,,,,,,,,,,,,,,,,,,,
LC817373.1,,,,,,,,,,C,,,,,,,,,,,,,,,,,,,,,,,,,
PP474900.1,,,,,,,,,,C,,,,,,,,,,,,,,,,,,,,,,,,,
OP572081.1,,,,,,,,,,C,,,,,,,,,,,,,,,,,,,,,,,,,
OP572091.1,,,,,,,,,,C,,,,,,,,,,,,,,,,,,,,,,,,,
OP572095.1,,,,,,,,,,C,,,,,,,,,,,,,,,,,,,,,,,,,
PP548243.1,,,,,,,,,,C,,,,,,,,,,,,,,,,,,,,,,,,,AAAAAAAAAAAAAAAAAAAAAAAA
PP548246.1,,,,,,,,,,C,,,,,,,,,,,,,,,,,,,,,,,,,
PP947791.1,,,,,,,,,,C,,,,,,,,,,,,,,,,,,,,,,,,,
PP947794.1,,,,,,,,,,C,,,,,,,,,,,,,,,,,,,,,,,,,
PP838729.1,,,,,,,,,,C,,,,,,,,,,,,,,,,,,,,,,,,,
PP947795.1,,,,,,,,,,C,,,,,,,,,,,,,,,,,,,,,,,,,
PP947792.1,,,,,,,,,,C,,,,,,,,,,,,,,,,,,,,,,,,,
PP947790.1,,,,,,,,,,C,,,,,,,,,,,,,,,,,,,,,,,,,AAAAAAAAAAAAAAAAAAAAAAAAAAAAAAAAAAAAAAAAAAAAAAAA
PP838730.1,,,,,,,,,,C,,,,,,,,,,,,,,,,,,,,,,,,,
PP548244.1,,,,,,,,,,C,,,,,,,,,,,,,,,,,,,,,,,,,AAAAAAAAAAAAAAAAAAAAAAAA
PP474895.1,,,,,,,,,,C,,,,,,,,,,,,,,,,,,,,,,,,,
PP474901.1,,,,,,,,,,C,,,,,,,,,,,,,,,,,,,,,,,,,
OP572075.1,,,,,,,,,,C,,,,,,,,,,,,,,,,,,,,,,,,,
OP572069.1,,,,,,,,,,C,,,,,,,,,,,,,,,,,,,,,,,,,
OP572079.1,,,,,,,,,,C,,,,,,,,,,,,,,,,,,,,,,,,,
OP572084.1,,,,,,,,,,C,,,,,,,,,,,,,,,,,,,,,,,,,
PP474902.1,,,,,,,,,,C,,,,,,,,,,,,,,,,,,,,,,,,,
OP321148.1,,,,,,,,,,C,,,,,,,,,,,,,,,,,,,,,,,,,
PP474817.1,,,,,,,,,,C,,,,,,,,,,,,,,,,,,,,,,,,,
PP474833.1,,,,,,,,,,C,,,,,,,,,,,,,,,,,,,,,,,,,
PP474818.1,,,,,,,,,,C,,,,,,,,,,,,,,,,,,,,,,,,,
PP474819.1,,,,,,,,,,C,,,,,,,,,,,,,,,,,,,,,,,,,
PP474820.1,,,,,,,,,,C,,,,,,,,,,,,,,,,,,,,,,,,,
PP474821.1,,,,,,,,,,C,,,,,,,,,,,,,,,,,,,,,,,,,
PP474825.1,,,,,,,,,,C,,,,,,,,,,,,,,,,,,,,,,,,,
PP474827.1,,,,,,,,,,C,,,,,,,,,,,,,,,,,,,,,,,,,
PP474826.1,,,,,,,,,,C,,,,,,,,,,,,,,,,,,,,,,,,,
PP474829.1,,,,,,,,,,C,,,,,,,,,,,,,,,,,,,,,,,,,
PP474822.1,,,,,,,,,,C,,,,,,,,,,,,,,,,,,,,,,,,,
PP474824.1,,,,,,,,,,C,,,,,,,,,,,,,,,,,,,,,,,,,
PP474830.1,,,,,,,,,,C,,,,,,,,,,,,,,,,,,,,,,,,,
PP474823.1,,,,,,,,,,C,,,,,,,,,,,,,,,,,,,,,,,,,
PP474831.1,,,,,,,,,,C,,,,,,,,,,,,,,,,,,,,,,,,,
PP474836.1,,,,,,,,,,C,,,,,,,,,,,,,,,,,,,,,,,,,
PP474828.1,,,,,,,,,,C,,,,,,,,,,,,,,,,,,,,,,,,,
PP474835.1,,,,,,,,,,C,,,,,,,,,,,,,,,,,,,,,,,,,
PP474834.1,,,,,,,,,,C,,,,,,,,,,,,,,,,,,,,,,,,,
PP474837.1,,,,,,,,,,C,,,,,,,,,,,,,,,,,,,,,,,,,
OP321139.1,,,,,,,,,,C,,,,,,,,,,,,,,,,,,,,,,,,,
MN245988.1,,,,,,,,,,C,,,,,,,,,,,,,,,,,,,,,,,,,
MN389731.1,,,,,,,,,,C,,,,,,,,,,,,,,,,,,,,,,,,,
MN245999.1,,,,,,,,,,C,,,,,,,,,,,,,,,,,,,,,,,,,
MN246020.1,,,,,,,,,,C,,,,,,,,,,,,,,,,,,,,,,,,,
MN246021.1,,,,,,,,,,C,,,,,,,,,,,,,,,,,,,,,,,,,
MN246024.1,,,,,,,,,,C,,,,,,,,,,,,,,,,,,,,,,,,,
MN246023.1,,,,,,,,,,C,,,,,,,,,,,,,,,,,,,,,,,,,
MK419074.1,,,,,,,,,,C,,,,,,,,,,,,,,,,,,,,,,,,,
MK659591.1,,,,,,,,,,C,,,,,,,,,,,,,,,,,,,,,,,,,
MK659593.1,,,,,,,,,,C,,,,,,,,,,,,,,,,,,,,,,,,,
MK659599.1,,,,,,,,,,C,,,,,,,,,,,,,,,,,,,,,,,,,
MK659602.1,,,,,,,,,,C,,,,,,,,,,,,,,,,,,,,,,,,,
PQ238559.1,,,,,,,,,,C,,,,,,,,,,,,,,,,,,,,,,,,,
PQ238617.1,,,,,,,,,,C,,,,,,,,,,,,,,,,,,,,,,,,,
MK419059.1,,,,,,,,,,C,,,,,,,,,,,,,,,,,,,,,,,,,
PQ238560.1,,,,,,,,,,C,,,,,,,,,,,,,,,,,,,,,,,,,
PQ238570.1,,,,,,,,,,C,,,,,,,,,,,,,,,,,,,,,,,,,
PQ238590.1,,,,,,,,,,C,,,,,,,,,,,,,,,,,,,,,,,,,
PQ238579.1,,,,,,,,,,C,,,,,,,,,,,,,,,,,,,,,,,,,
PQ238594.1,,,,,,,,,,C,,,,,,,,,,,,,,,,,,,,,,,,,
PQ238582.1,,,,,,,,,,C,,,,,,,,,,,,,,,,,,,,,,,,,
PQ238576.1,,,,,,,,,,C,,,,,,,,,,,,,,,,,,,,,,,,,
MK419049.1,,,,,,,,,,C,,,,,,,,,,,,,,,,,,,,,,,,,
MN389734.1,,,,,,,,,,C,,,,,,,,,,,,,,,,,,,,,,,,,
MN246015.1,,,,,,,,,,C,,,,,,,,,,,,,,,,,,,,,,,,,
MK419058.1,,,,,,,,,,C,,,,,,,,,,,,,,,,,,,,,,,,,
MK659589.1,,,,,,,,,,C,,,,,,,,,,,,,,,,,,,,,,,,,
MK659595.1,,,,,,,,,,C,,,,,,,,,,,,,,,,,,,,,,,,,
PQ238612.1,,,,,,,,,,C,,,,,,,,,,,,,,,,,,,,,,,,,
MN245985.1,,,,,,,,,,C,,,,,,,,,,,,,,,,,,,,,,,,,
MN245986.1,,,,,,,,,,C,,,,,,,,,,,,,,,,,,,,,,,,,
PQ238564.1,,,,,,,,,,C,,,,,,,,,,,,,,,,,,,,,,,,,
PQ238593.1,,,,,,,,,,C,,,,,,,,,,,,,,,,,,,,,,,,,
PQ238598.1,,,,,,,,,,C,,,,,,,,,,,,,,,,,,,,,,,,,
PQ238566.1,,,,,,,,,,C,,,,,,,,,,,,,,,,,,,,,,,,,
PQ238581.1,,,,,,,,,,C,,,,,,,,,,,,,,,,,,,,,,,,,
PQ238606.1,,,,,,,,,,C,,,,,,,,,,,,,,,,,,,,,,,,,
PQ238591.1,,,,,,,,,,C,T,,,,,,,,,,,,,,,,,,,,,,,,
PQ238602.1,,,,,,,,,,C,,,,,,,,,,,,,,,,,,,,,,,,,
PQ238607.1,,,,,,,,,,C,,,,,,,,,,,,,,,,,,,,,,,,,
PQ238609.1,,,,,,,,,,C,,,,,,,,,,,,,,,,,,,,,,,,,
PQ238608.1,,,,,,,,,,C,,,,,,,,,,,,,,,,,,,,,,,,,
MN245982.1,,,,,,,,,,C,,,,,,,,,,,,,,,,,,,,,,,,,
MK491181.1,,,,,,,,,,C,,,,,,,,,,,,,,,,,,,,,,,,,
MN246017.1,,,,,,,,,,C,,,,,,,,,,,,,,,,,,,,,,,,,
MN246019.1,,,,,,,,,,C,,,,,,,,,,,,,,,,,,,,,,,,,
MN246018.1,,,,,,,,,,C,,,,,,,,,,,,,,,,,,,,,,,,,
MN246006.1,,,,,,,,,,C,,,,,,,,,,,,,,,,,,,,,,,,,
MN245996.1,,,,,,,,,,C,,,,,,,,,,,,,,,,,,,,,,,,,
MN246007.1,,,,,,,,,,C,,,,,,,,,,,,,,,,,,,,,,,,,
PQ238614.1,,,,,,,,,,C,,,,,,,,,,,,,,,,,,,,,,,,,
PQ238589.1,,,,,,,,,,C,,,,,,,,,,,,,,,,,,,,,,,,,
PQ238583.1,,,,,,,,,,C,,,,,,,,,,,,,,,,,,,,,,,,,
PQ238567.1,,,,,,,,,,C,,,,,,,,,,,,,,,,,,,,,,,,,
PQ238571.1,,,,,,,,,,C,,,,,,,,,,,,,,,,,,,,,,,,,
PQ238600.1,,,,,,,,,,C,,,,,,,,,,,,,,,,,,,,,,,,,
PQ238610.1,,,,,,,,,,C,,,,,,,,,,,,,,,,,,,,,,,,,
PQ238580.1,,,,,,,,,,C,,,,,,,,,,,,,,,,,,,,,,,,,
PQ238573.1,,,,,,,,,,C,,,,,,,,,,,,,,,,,,,,,,,,,
PQ238588.1,,,,,,,,,,C,,,,,,,,,,,,,,,,,,,,,,,,,
PQ238616.1,,,,,,,,,,C,,,,,,,,,,,,,,,,,,,,,,,,,
OQ653554.1,,,,,,,,,,C,,,,,,,,,,,,,,,,,,,,,,,,,
MN245981.1,,,,,,,,,,C,,,,,,,,,,,,,,,,,,,,,,,,,
MK491180.1,,,,,,,,,,C,,,,,,,,,,,,,,,,,,,,,,,,,
MN245983.1,,,,,,,,,,C,,,,,,,,,,,,,,,,,,,,,,,,,
MK491182.1,,,,,,,,,,C,,,,,,,,,,,,,,,,,,,,,,,,,
MN246039.1,,,,,,,,,,C,,,,,,,,,,,,,,,,,,,,,,,,,
MN389735.1,,,,,,,,,,C,,,,,,,,,,,,,,,,,,,,,,,,,
MN246026.1,,,,,,,,,,C,,,,,,,,,,,,,,,,,,,,,,,,,
MN245997.1,,,,,,,,,,C,,,,,,,,,,,,,,,,,,,,,,,,,
MN245998.1,,,,,,,,,,C,,,,,,,,,,,,,,,,,,,,,,,,,
MN246012.1,,,,,,,,,,C,,,,,,,,,,,,,,,,,,,,,,,,,
MK659596.1,,,,,,,,,,C,,,,,,,,,,,,,,,,,,,,,,,,,
MK659601.1,,,,,,,,,,C,,,,,,,,,,,,,,,,,,,,,,,,,
MN246011.1,,,,,,,,,,C,,,,,,,,,,,,,,,,,,,,,,,,,
MK419065.1,,,,,,,,,,C,,,,,,,,,,,,,,,,,,,,,,,,,
MN389730.1,,,,,,,,,,C,,,,,T,,,,,,,,,,,,,,,,,,,,
MN245994.1,,,,,,,,,,C,,,,,,,,,,,,,,,,,,,,,,,,,
MN245995.1,,,,,,,,,,C,,,,,,,,,,,,,,,,,,,,,,,,,
MN245990.1,,,,,,,,,,C,,,,,,,,,,,,,,,,,,,,,,,,,
MK659592.1,,,,,,,,,,C,,,,,,,,,,,,,,,,,,,,,,,,,
MK419045.1,,,,,,,,,,C,,,,,,,,,,,,,,,,,,,,,,,,,
MN365200.1,,,,,,,,,,C,,,,,,,,,,,,,,,,,,,,,,,,,
PQ238584.1,,,,,,,,,,C,,,,,,,,,,,,,,,,,,,,,,,,,
PQ238575.1,,,,,,,,,,C,,,,,,,,,,,,,,,,,,,,,,,,,
PQ238601.1,,,,,,,,,,C,,,,,,,,,,,,,,,,,,,,,,,,,
PQ238578.1,,,,,,,,,,C,,,,,,,,,,,,,,,,,,,,,,,,,
PQ238604.1,,,,,,,,,,C,,,,,,,,,,,,,,,,,,,,,,,,,
PQ238605.1,,,,,,,,,,C,,,,,,,,,,,,,,,,,,,,,,,,,
PQ238613.1,,,,,,,,,,C,,,,,,,,,,,,,,,,,,,,,,,,,
MK659594.1,,,,,,,,,,C,,,,,,,,,,,,,,,,,,,,,,,,,
MK659603.1,,,,,,,,,,C,,,,,,,,,,,,,,,,,,,,,,,,,
PQ238568.1,,,,,,,,,,C,,,,,,,,,,,,,,,,,,,,,,,,,
MT789742.1,,,,,,,,,,C,,,,,,,,,,,,,,,,,,,,,,,,,
MK659598.1,,,,,,,,,,C,,,,,,,,,,,,,,,,,,,,,,,,,
PQ238577.1,,,,,,,,,,C,,,,,,,,,,,,,,,,,,,,,,,,,
MN389732.1,,,,,,,,,,C,,,,,,,,,,,,,,,,,,,,,,,,,
MN246002.1,,,,,,,,,,C,,,,,,,,,,,,,,,,,,,,,,,,,
MN245991.1,,,,,,,,,,C,,,,,,,,,,,,,,,,,,,,,,,,,
MN245993.1,,,,,,,,,,C,,,,,,,,,,,,,,,,,,,,,,,,,
MK659604.1,,,,,,,,,,C,,,,,,,,,,,,,,,,,,,,,,,,,
MK419041.1,,,,,,,,,,C,,,,,,,,,,,,,,,,,,,,,,,,,
MK419033.1,,,,,,,,,,C,,,,,,,,,,,,,,,,,,,,,,,,,
MN246001.1,,,,,,,,,,C,,,,,,,,,,,,,,,,,,,,,,,,,
MN246005.1,,,,,,,,,,C,,,,,,,,,,,,,,,,,,,,,,,,,
MK659597.1,,,,,,,,,,C,,,,,,,,,,,,,,,,,,,,,,,,,
MK659600.1,,,,,,,,,,C,,,,,,,,,,,,,,,,,,,,,,,,,
MK659590.1,,,,,,,,,,C,,,,,,,,,,,,,,,,,,,,,,,,,
MN245989.1,,,,,,,,,,C,,,,,,,,,,,,,,,,,,,,,,,,,
MN246003.1,,,,,,,,,,C,,,,,,,,,,,,,,,,,,,,,,,,,
MK419042.1,,,,,,,,,,C,,,,,,,,,,,,,,,,,,,,,,,,,
MN246016.1,,,,,,,,,,C,,,,,,,,,,,,,,,,,,,,,,,,,
PQ238563.1,,,,,,,,,,C,,,,,,,,,,,,,,,,,,,,,,,,,
MT081368.1,,,,,,,,,,C,,,,,,,,,,,,,,,,,,,,,,,,,
MK659588.1,,,,,,,,,,C,,,,,,,,,,,,,,,,,,,,,,,,,
MN245987.1,,,,,,,,,,C,,,,,,,,,,,,,,,,,,,,,,,,,
PQ238595.1,,,,,,,,,,C,,,,,,,,,,,,,,,,,,,,,,,,,
MN389733.1,,,,,,,,,,C,,,,,,,,,,,,,,,,,,,,,,,,,
MN246008.1,,,,,,,,,,C,,,,,,,,,,,,,,,,,,,,,,,,,
MN246009.1,,,,,,,,,,C,,,,,,,,,,,,,,,,,,,,,,,,,
PQ238597.1,,,,,,,,,,C,,,,,,,,,,,,,,,,,,,,,,,,,
OP572067.1,,,,,,,,,,C,,,,,,,,,,,,,,,,,,,,,,,,,
OP572077.1,,,,,,,,,,C,,,,,,,,,,,,,,,,,,,,,,,,,
PV448649.1,,,,,,,,,,C,,,,,,,,,,,,,,,,,,,,,,,,,
PP548247.1,,,,,,,,,,C,,,,,,,,,,,,,,,,,,,,,,,,,
PP838726.1,,,,,,,,,,C,,,,,,,,,,,,,,,,,,,,,,,,,
PP838727.1,,,,,,,,,,C,,,,,,,,,,,,,,,,,,,,,,,,,
PP838731.1,,,,,,,,,,C,,,,,,,,,,,,,,,,,,,,,,,,,
PP838733.1,,,,,,,,,,C,,,,,,,,,,,,,,,,,,,,,,,,,
PP838734.1,,,,,,,,,,C,,,,,,,,,,,,,,,,,,,,,,,,,
PP838739.1,,,,,,,,,,C,,,,,,,,,,,,,,,,,,,,,,,,,
PP838735.1,,,,,,,,,,C,,,,,,,,,,,,,,,,,,,,,,,,,
PP838738.1,,,,,,,,,,C,,,,,,,,,,,,,,,,,,,,,,,,,
PP838728.1,,,,,,,,,,C,,,,,,,,,,,,,,,,,,,,,,,,,
PP838737.1,,,,,,,,,,C,,,,,,,,,,,,,,,,,,,,,,,,,
PP838732.1,,,,,,,,,,C,,,,,,,,,,,,,,,,,,,,,,,,,
PP947796.1,,,,,,,,,,C,,,,,,,,,,,,,,,,,,,,,,,,,
PP947797.1,,,,,,,,,,C,,,,,,,,,,,,,,,,,,,,,,,,,
OP572092.1,,,,,,,,,,C,,,,,,,,,,,,,,,,,,,,,,,,,
OQ126984.1,,,,,,,,,,C,,,,,,,,,,,,,,,,,,,,,,,,,
OP267493.1,,,,,,,,,,C,,,,,,,,,,,,,,,,,,,,,,,,,AAAAAAAAAAAAAAAAAAAAAAAAAAAAAAAAAAAAAAAAAAAAAAAAAAAAAAAAAAAAAAAAAAAAAAAAAAAAAAAAAAAAA
OP267500.1,,,,,,,,,,C,,,,,,,,,,,,,,,,,,,,,,,,,AAAAAAAAAAAAAAAAAAAAAAAAAAAAAAAAAAAAAAAAAAAAAAAAAAAAA
OP267494.1,,,,,,,,,,C,,,,,,,,,,,,,,,,,,,,,,,,,
OP267503.1,,,,,,,,,,C,,,,,,,,,,,,,,,,,,,,,,,,,AAAAAAAAAAAAAAAAAAAAAAAAAAAAAAAAAAAAAAAAAAAAAAAAAAAAAAAAAAAAAAAAAAAAAAAAAAAAAAAAAAAAAA
OP267504.1,,,,,,,,,,C,,,,,,,,,,,,,,,,,,,,,,,,,AAAAAAAAAAAAAAAAAAAAAAAAAAAAAAAAAAAAAAAAAAAAAAAAAAAAAAAAAAAAAAAAAAAAAAAAAAAAAAAAAAAAAAAAAAAAAAA
OP267502.1,,,,,,,,,,C,,,,,,,,,,,,,,,,,,,,,,,,,AAAAAAAAAAAAAAAAAAAAAAAAAAAAAAAAAAAAAAAA
OP267510.1,,,,,,,,,,C,,,,,,,,,,,,,,,,,,,,,,,,,AAAAAAAAAAAAAAAAAAAAAAAAAAAAAAAAAAAAAAA
OP267507.1,,,,,,,,,,C,,,,,,,,,,,,,,,,,,,,,,,,,AAAAAAAAAAAAAAAAAAAAAAAAAAAAAAAAAAAAAAAAAAAAAAAAAAAAAAAAAA
OP267501.1,,,,,,,,,,C,,,,,,,,,,,,,,,,,,,,,,,,,AAAAAAAAAAAAAAAAAAAAAAAAAAAAAAAAAAAAAAAAAAAAAAAA
OP267513.1,,,,,,,,,,C,,,,,,,,,,,,,,,,,,,,,,,,,AAAAAAAAAAAAAAAAAAAAAAAAAAAAAAAAAAAAAAAAAAAAAAAAAAAAAAAAAAAAAAAAAAAAAAAAAAAAAA
OP267518.1,,,,,,,,,,C,,,,,,,,,,,,,,,,,,,,,,,,,AAAAAAAAAAAAAAAAAAAAAAAAAAAAAAAAAAAAAAAAAAAAAAAAAAAAAAAAAAAAAAAAAAAAAAAAAAAAAAAAAAA
OP267508.1,,,,,,,,,,C,,,,,,,,,,,,,,,,,,,,,,,,,AAAAAAAAAAAAAAAAAAAAAAAAAAAAAAAAAAAAAAAAAAAAAAAAA
OP267506.1,,,,,,,,,,C,,,,,,,,,,,,,,,,,,,,,,,,,AAAAAAAAAAAAAAAAAAAAAAAAAAAAAAAAAAAAAAAAAAAAAAAAAAAAAAAAAAAAAAAAAAA
OP267517.1,,,,,,,,,,C,,,,,,,,,,,,,,,,,,,,,,,,,AAAAAAAAAAAAAAAAAAAAAAAAAAAAAAAAAAAAAAAAAAAAAAAAAAAAAAAAAAAAAAAAAA
OP267514.1,,,,,,,,,,C,,,,,,,,,,,,,,,,,,,,,,,,,AAAAAAAAAAAAAAAAAAAAAAAAAAAAAAAAAAAAAAAAAAAAAAAAAAAAAAAAAAAAA
OP267523.1,,,,,,,,,,C,,,,,,,,,,,,,,,,,,,,,,,,,AAA
OP267509.1,,,,,,,,,,C,,,,,,,,,,,,,,,,,,,,,,,,,AAAAAAAAAAAAAAAAAAAAAAAAAAAAAAAAAAAAAAAAAAAAAAAAAAAAAAAAAAAAAAAAAAAAAAAAAAAAAAA
OP267512.1,,,,,,,,,,C,,,,,,,,,,,,,,,,,,,,,,,,,AAAAAAAAAAAAAAAAAA
OP267519.1,,,,,,,,,,C,,,,,,,,,,,,,,,,,,,,,,,,,
OP295397.1,,,,,,,,,,C,,,,,,,,,,,,,,,,,,,,,,,,,
OP267505.1,,,,,,,,,,C,,,,,,,,,,,,,,,,,,,,,,,,,AAAAAAAAAAAAAAAAAAAAAAAAAAAAAAAAAAAAAAAA
OP389245.1,,,,,,,,,,C,,,,,,,,,,,,,,,,,,,,,,,,,
PP474903.1,,,,,,,,,,C,,,,,,,,,,,,,,,,,,,,,,,,,
OP572061.1,,,,,,,,,,C,,,,,,,,,,,,,,,,,,,,,,,,,
OP321140.1,,,,,,,,,,C,,,,,,,,,,,,,,,,,,,,,,,,,
OR460083.1,,,,,,,,,,C,,,,,,,,,,,,,,,,,,,,,,,,,
OP389246.1,,,,,,,,,,C,,,,,,,,,,,,,,,,,,,,,,,,,
PQ238561.1,,,,,,,,,,C,A,,,,,,,,,,,,,,,,,,,,,,,,
MT791928.1,,,,,,,,,,C,,,,,,,,,,,,,,,,,,,,,,,,,
MT791933.1,,,,,,,,,,C,,,,,,,,,,,,,,,,,,,,,,,,,
PQ807712.1,,,,,,,,,,C,,,,,,,,,,,,,,,,,,,,,,,,,AAAAAAAAAAAAAAAAAAAAAAAAAAAAAAAAAAAAAAAAAAAAAAAAAAAAAAAAAAAAAAAAAAAAAAAAAAAAAAAAAAAAAAAAAAAAAAAAAAAAA
MW697453.1,,,,,,,,,,C,,,,,,,,,,,,,,,,,,,,,,,,,
LC495298.1,,,,,,,,,,C,,,,,,,,,,,,,,,,,,,,,,,,,
MZ824222.1,,,,,,,,,,C,,,,,,,,,,,,,,,,,,,,,,,,,
MZ824223.1,,,,,,,,,,C,,,,,,,,,,,,,,,,,,,,,,,,,
LC495299.1,,,,,,,,,,C,,,,,,,,,,,,,,,,,,,,,,,,,
MK614087.1,,,,,,,,,,C,,,,,,,,,,,,,,,,,,,,,,,,,
MN365197.1,,,,,,,,,,C,,,,,,,,,,,,,,,,,,,,,,,,,
MN365198.1,,,,,,,,,,C,,,,,,,,,,,,,,,,,,,,,,,,,
MN259109.1,,,,,,,,,,C,,,,,,,,,,,,,,,,,,,,,,,,,
MT789736.1,,,,,,,,,,C,,,,,,,,,,,,,,,,,,,,,,,,,
MT791931.1,,,,,,,,,,C,,,,,,,,,,,,,,,,,,,,,,,,,
MT789735.1,,,,,,,,,,C,,,,,,,,,,,,,,,,,,,,,,,,,
MK105981.1,,,,,,,,,,C,,,,,,,,,,,,,,,,,,,,,,,,,
MT791929.1,,,,,,,,,,C,,,,,,,,,,,,,,,,,,,,,,,,,
MN259114.1,,,,,,,,,,C,,,,,,,,,,,,,,,,,,,,,,,,,
KY385889.1,,,,,,,,,,C,,,,,,,,,,,,,,,,,,,,,,,,,
KX957756.1,,,,,,,,,,C,,,,,,,,,,,,,,,,,,,,,,,,,
KX957759.1,,,,,,,,,,C,,,,,,,,,,,,,,,,,,,,,,,,,
KX957757.1,,,,,,,,,,C,,,,,,,,,,,,,,,,,,,,,,,,,
KX957760.1,,,,,,,,,,C,,,,,,,,,,,,,,,,,,,,,,,,,
MN259117.1,,,,,,,,,,C,,,,,,,,,,,,,,,,,,,,,,,,,
MK105980.1,,,,,,,,,,C,,,,,,,,,,,,,,,,,,,,,,,,,
KY292526.1,,,,,,,,,,C,,,,,,,,,,,,,,,,,,,,,,,,,
KY385884.1,,,,,,,,,,C,,,,,,,,,,,,,,,,,,,,,,,,,
KY292525.1,,,,,,,,,,C,,,,,,,,,,,,,,,,,,,,,,,,,
MN365194.1,,,,,,,,,,C,,,,,,,,,,,,,,,,,,,,,,,,,
MN365196.1,,,,,,,,,,C,,,,,,,,,,,,,,,,,,,,,,,,,
MN259107.1,,,,,,,,,,C,,,,,,,,,,,,,,,,,,,,,,,,,
MN259108.1,,,,,,,,,,C,,,,,,,,,,,,,,,,,,,,,,,,,
KY385882.1,,,,,,,,,,C,,,,,,,,,,,,,,,,,,,,,,,,,
KY385890.1,,,,,,,,,,C,,,,,,,,,,,,,,,,,,,,,,,,,
KX675261.1,,,,,,,,,,C,,,,,,,,,,,,,,,,,,,,,,,,,
KX675263.1,,,,,,,,,,C,,,,,,,,,,,,,,,,,,,,,,,,,
MN259119.1,,,,,,,,,,C,,,,,,,,,,,,,,,,,,,,,,,,,
KX957758.1,,,,,,,,,,C,,,,,,,,,,,,,,,,,,,,,,,,,
KY385887.1,,,,,,,,,,C,,,,,,,,,,,,,,,,,,,,,,,,,
MN259115.1,,,,,,,,,,C,,,,,,,,,,,,,,,,,,,,,,,,,
MN259111.1,,,,,,,,,,C,,,,,,,,,,,,,,,,,,,,,,,,,
MN259113.1,,,,,,,,,,C,,,,,,,,,,,,,,,,,,,,,,,,,
KY385881.1,,,,,,,,,,C,,,,,,,,,,,,,,,,,,,,,,,,,
MN259118.1,,,,,,,,,,C,,,,,,,,,,,,,,,,,,,,,,,,,
KY385888.1,,,,,,,,,,C,,,,,,,,,,,,,,,,,,,,,,,,,
MN259112.1,,,,,,,,,,C,,,,,,,,,,,,,,,,,,,,,,,,,
MN259120.1,,,,,,,,,,C,,,,,,,,,,,,,,,,,,,,,,,,,
KX957762.1,,,,,,,,,,C,,,,,,,,,,,,,,,,,,,,,,,,,
KX957755.1,,,,,,,,,,C,,,,,,,,,,,,,,,,,,,,,,,,,
MH341713.1,,,,,,,,,,C,,,,,,,,,,,,,,,,,,,,,,,,,
MH341717.1,,,,,,,,,,C,,,,,,,,,,,,,,,,,,,,,,,,,
MN259110.1,,,,,,,,,,C,,,,,,,,,,,,,,,,,,,,,,,,,
KY385885.1,,,,,,,,,,C,,,,,,,,,,,,,,,,,,,,,,,,,
MT791932.1,,,,,,,,,,C,,,,,,,,,,,,,,,,,,,,,,,,,
KX957754.1,,,,,,,,,,C,,,,,,,,,,,,,,,,,,,,,,,,,
MT789734.1,,,,,,,,,,C,,,,,,,,,,,,,,,,,,,,,,,,,
MT789737.1,,,,,,,,,,C,,,,,,,,,,,,,,,,,,,,,,,,,
MT791930.1,,,,,,,,,,C,,,,,,,,,,,,,,,,,,,,,,,,,
KY385883.1,,,,,,,,,,C,,,,,,,,,,,,,,,,,,,,,,,,,
KY385892.1,,,,,,,,,,C,,,,,,,,,,,,,,,,,,,,,,,,,
KX957761.1,,,,,,,,,,C,,,,,,,,,,,,,,,,,,,,,,,,,
KY385891.1,,,,,,,,,,C,,,,,,,,,,,,,,,,,,,,,,,,,
MH341719.1,,,,,,,,,,C,,,,,,,,,,,,,,,,,,,,,,,,,
MZ824221.1,,,,,,,,,,C,,,,,,,,,,,,,,,,,,,,,,,,,
MN365195.1,,,,,,,,,,C,,,,,,,,,,,,,,,,,,,,,,,,,
MH341712.1,,,,,,,,,,C,,,,,,,,,,,,,,,,,,,,,,,,,
MG739633.1,,,,,,,,,,C,C,,,,,,,,,,,,,,,,,,,,,,,,
MH341721.1,,,,,,,,,,C,,,,,,,,,,,,,,,,,,,,,,,,,
MH341718.1,,,,,,,,,,C,,,,,,,,,,,,,,,,,,,,,,,,,
MH341720.1,,,,,,,,,,C,,,,,,,,,,,,,,,,,,,,,,,,,
MG739639.1,,,,,,,,,,C,,,,,,,,,,,,,,,,,,,,,,,,,
MH341714.1,,,,,,,,,,C,,,,,,,,,,,,,,,,,,,,,,,,,
MH341716.1,,,,,,,,,,C,,,,,,,,,,,,,,,,,,,,,,,,,
KX675262.1,,,,,,,,,,C,,,,,,,,,,,,,,,,,,,,,,,,,
MH341724.1,,,,,,,,,,C,,,,,,,,,,,,,,,,,,,,,,,,,
MH341722.1,,,,,,,,,,C,,,,,,,,,,,,,,,,,,,,,,,,,
MH341723.1,,,,,,,,,,C,,,,,,,,,,,,,,,,,,,,,,,,,
MH041323.1,,,,,,,,,,C,,,,,,,,,,,,,,,,,,,,,,,,,A
MH041324.1,,,,,,,,,,C,,,,,,,,,,,,,,,,,,,,,,,,,G
MH341725.1,,,,,,,,,,C,,,,,,,,,,,,,,,,,,,,,,,,,
MH341715.1,,,,,,,,,,C,,,,,,,,,,,,,,,,,,,,,,,,,
MH341711.1,,,,,,,,,,C,,,,,,,,,,,,,,,,,,,,,,,,,
MG739638.1,,,,,,,,,,C,,,,,,,,,,,,,,,,,,,,,,,,,
MK419064.1,,,,,,,,,,C,,,,,,,,,,,,,,,,,,,,,,,,,
MT789745.1,,,,,,,,,,C,,,,,,,,,,,,,,,,,,,,,,,,,
MT789746.1,,,,,,,,,,C,,,,,,,,,,,,,,,,,,,,,,,,,
MK105985.1,,,,,,,,,,C,,,,,,,,,,,,,,,,,,,,,,,,,
MT789747.1,,,,,,,,,,C,,,,,,,,,,,,,,,,,,,,,,,,,
MK105988.1,,,,,,,,,,C,,,,,,,,,,,,,,,,,,,,,,,,,
MK105984.1,,,,,,,,,,C,,,,,,,,,,,,,,,,,,,,,,,,,
MK419061.1,,,,,,,,,,C,,,,,,,,,,,,,,,,,,,,,,,,,
MK419073.1,,,,,,,,,,C,,,,,,,,,,,,,,,,,,,,,,,,,
MW697454.1,,,,,,,,,,C,,,,,,,,,,,,,,,,,,,,,,,,,
KT280500.1,,,,,,,,,,C,,,,,,,,,,,,,,,,,,,,,,,,,
KY767822.1,,,,,,,,,,C,,,,,,,,,,,,,,,,,,,,,,,,,
KT711088.1,,,,,,,,,,C,,,,,,,,,,,,,,,,,,,,,,,,,
KT280498.1,,,,,,,,,,C,,,,,,,,,,,,,,,,,,,,,,,,,
KT280497.1,,,,,,,,,,C,,,,,,,,,,,,,,,,,,,,,,,,,
KT711087.1,,,,,,,,,,C,,,,,,,,,,,,,,,,,,,,,,,,,
KT285485.1,,,,,,,,,,C,,,,,,,,,,,,,,,,,,,,,,,,,
KP240936.1,,,,,,,,,,C,,,,,,,,,,,,,,,,,,,,,,,,,
KT280496.1,,,,,,,,,,C,,,,,,,,,,,,,,,,,,,,,,,,,
KT711086.1,,,,,,,,,,C,,,,,,,,,,,,,,,,,,,,,,,,,
MF045415.2,,,,,,,,,,C,,,,,,,,,,,,,,,,,,,,,,,,,
KT280499.1,,,,,,,,,,C,,,,,,,,,,,,,,,,,,,,,,,,,
KT711078.1,,,,,,,,,,C,,,,,,,,,,,,,,,,,,,,,,,,,
KT711083.1,,,,,,,,,,C,,,,,,,,,,,,,,,,,,,,,,,,,
KT711079.1,,,,,,,,,,C,,,,,,,,,,,,,,,,,,,,,,,,,
KT711082.1,,,,,,,,,,C,,,,,,,,,,,,,,,,,,,,,,,,,
KT711081.1,,,,,,,,,,C,,,,,,,,,,,,,,,,,,,,,,,,,
KT711085.1,,,,,,,,,,C,,,,,,,,,,,,,,,,,,,,,,,,,
KT711084.1,,,,,,,,,,C,,,,,,,,,,,,,,,,,,,,,,,,,
KT711080.1,,,,,,,,,,C,,,,,,,,,,,,,,,,,,,,,,,,,
MF045413.2,,,,,,,,,,C,,,,,,,,,,,,,,,,,,,,,,,,,
PQ238557.1,,,,,,,,,,C,,,,,,,,,,,,,,,,,,,,,,,,,
PQ238558.1,,,,,,,,,,C,,,,,,,,,,,,,,,,,,,,,,,,,
MT789739.1,,,,,,,,,,C,,,,,,,,,,,,,,,,,,,,,,,,,
MT789748.1,,,,,,,,,,C,,,,,,,,,,,,,,,,,,,,,,,,,
MT789741.1,,,,,,,,,,C,,,,,,,,,,,,,,,,,,,,,,,,,
MT789744.1,,,,,,,,,,C,,,,,,,,,,,,,,,,,,,,,,,,,
MT789743.1,,,,,,,,,,C,,,,,,,,,,,,,,,,,,,,,,,,,
MT789738.1,,,,,,,,,,C,,,,,,,,,,,,,,,,,,,,,,,,,
MT789740.1,,,,,,,,,,C,,,,,,,,,,,,,,,,,,,,,,,,,
MZ824224.1,,,,,,,,,,C,,,,,,,,,,,,,,,,,,,,,,,,,
MN726800.1,,,,,,,,,,C,,,,,,,,,,,,,,,,,,,,,,,,,
MH330334.1,,,,,,,,,,C,,,,,,,,,,,,,,,,,,,,,,,,,AGCGTC
OP267497.1,,,,,,,,,,C,,,,,,,,,,,,,,,,,,,,,,,,,AAAAAAAAAAAAAAAAAAAAAAAAAAAAAAAAAAAAAAAAAAAAAAAAAAAAAA
OP267511.1,,,,,,,,,,C,,,,,,,,,,,,,,,,,,,,,,,,,AAAAAAAAAAAAAAAAAAAAAAAAAAAAAAAAAAAAA
OP267515.1,,,,,,,,,,C,,,,,,,,,,,,,,,,,,,,,,,,,AAAAAAAAAAAAAAAAAAAAAAAAAAAAAAAAAAAAAAAAAAAAAAAAAAAAAAAAAAAAAAAAAAAAAAAAAA
OP267522.1,,,,,,,,,,C,,,,,,,,,,,,,,,,,,,,,,,,,AAAAAAAAAAAAAAAAAAAAAAAAAAAAAAAAAAAAAAAAAAAAAAAAAAAAAAAAAAAAAAAAAAAAAAAAAAAAAAAAAAAAAAAAAAAAAAAAAAAAA
OP267516.1,,,,,,,,,,C,,,,,,,,,,,,,,,,,,,,,,,,,AAAAAAAAAAAAAAAAAAAAAAAAAAAAAAAAAAAAAAAAAAAAAAAAAAAAAAAAAAAAAAAAAAAAAAA
OP267495.1,,,,,,,,,,C,,,,,,,,,,,,,,,,,,,,,,,,,AAAAAAAAAAAAAAAAAAAAAAAAAAAAAAAAAAAA
OP267521.1,,,,,,,,,,C,,,,,,,,,,,,,,,,,,,,,,,,,AAAAAAAAAAAAAAAAAAAAAAAAAAAAAAAAA
OP267496.1,,,,,,,,,,C,,,,,,,,,,,,,,,,,,,,,,,,,
OP267520.1,,,,,,,,,,C,,,,,,,,,,,,,,,,,,,,,,,,,
OP267498.1,,,,,,,,,,C,,,,,,,,,,,,,,,,,,,,,,,,,AAAAAAAAAAAAAAAAAAAAAAAAAAAAA
OP267499.1,,,,,,,,,,C,,,,,,,,,,,,,,,,,,,,,,,,,AAAAAAAAAAAAAAAAAAAAAAAAAAAAAAAAAAAAA
PQ766585.1,,,,,,,,,,C,,,,,,,,,,,,,,,,,,,,,,,,,
OQ451882.1,,,,,,,,,,C,,,,G,,,A,,,,,,,,,,,,,,,,,,
MT791927.1,,,,,,,,,,C,,,,,,,,,,,,,,,,,,,,,,,,,
KT995537.1,,,,,,,,,,C,,,,,,,,,,,,,,,,,,,,,,,,,
KX261825.1,,,,,,,,,,C,,,,,,,,,,,,,,,,,,,,,,,,,
KU844181.1,,,,,,,,,,C,,,,,,,,,,,,,,,,,,,,,,,,,
KX255394.1,,,,,,,,,,C,,,,,,,,,,,,,,,,,,,,,,,,,
KT995561.1,,,,,,,,,,C,,,,,,,,,,,,,,,,,,,,,,,,,
KT995588.1,,,,,,,,,,C,,,,,,,,,,,,,,,,,,,,,,,,,
KT995601.1,,,,,,,,,,C,,,,,,,,,,,,,,,,,,,,,,,,,
KU669039.1,,,,,,,,,,C,,,,,,T,,,,,,,AACTCTTTTGAA,,,,,,,,,,,,
KT995555.1,,,,,,,,,,C,,,,,,,,,,,,,,,,,,,,,,,,,
KU669048.1,,,,,,,,,,C,,,,,,,,,,,,,,,,,,,,,,,,,
KX433164.1,,,,,,,,,,C,,,,,,,,,,,,,,,,,,,,,,,,,
KX255401.1,,,,,,,,,,C,,,,,,,,,,,,,,,,,,,,,,,,,
KT231898.1,,,,,,,,,,C,,,,,,,,,,,,,,,,,,,,,,,,,
KT231902.1,,,,,,,,,,C,,,,,,,,,,,,,,,,,,,,,,,,,
KT318494.1,,,,,,,,,,C,,,,,,,,,,,,,,,,,,,,,,,,,
MK681489.1,,,,,,,,,,C,,,,,,,,,,,,,,,,,,ATTAATTTGAAA,,,,,,,
MK681496.1,,,,,,,,,,C,,,,,,,,,,,,,,,,,,ATTAATTTGAAA,,,,,,,
MK681494.1,,,,,,,,,,C,,,,,,,,,,,,,,,,,,TTATTAATTTGAAA,,,,,,,
MK681495.1,,,,,,,,,,C,,,,,,,,,,,,,,,,,,TATTAATTTGAAA,,,,,,,
MK681503.1,,,,,,,,,,C,,,,,,,,,,,,,,,,,,TATTAATTTGAAA,,,,,,,
MK681501.1,,,,,,,,,,C,,,,,,,,,,,,,,,,,,TATTAATTTGAAA,,,,,,,
MK681498.1,,,,,,,,,,C,,,,,,,,,,,,,,,,,,ATTAATTTGAAA,,,,,,,
KU509997.1,,,,,,,,,,C,,,,,,,,,,,,,,,,,,,,,,,,,
KP745764.1,,,,,,,,,,C,,,,,,,,,,,,,,,,,,,,,,,,,
KP745766.1,,,,,,,,,,C,,,,,,,,,,,,,,,,,,,,,,,,,
KP100796.1,,,,,,,,,,C,,,,,,,,,,,,,,,,,,,,,,,,,
MK681490.1,,,,,,,,,,C,,,,,,,,,,,,,,,,,AT,,,,,,,,
KX433161.1,,,,,,,,,,C,,,,,,,,,,,,,,,,,,,,,,,,,
KX255407.1,,,,,,,,,,C,,,,,,,,,,,,,,,,,,,,,,,,,
KX433167.1,,,,,,,,,,C,,,,,,,,,,,,,,,,,,,,,,,,,
MK681493.1,,,,,,,,,,C,,,,,,,,,,,,,,,,GAAAAA,,,,,,,,,
KT995551.1,,,,,,,,,,C,,,,,,,,,,,,,,,,,,,,,,,,,
KT995559.1,,,,,,,,,,C,,,,,,,,,,,,,,,,,,,,,,,,,
KT995560.1,,,,,,,,,,C,,,,,,,,,,,,,,,,,,,,,,,,,
KT995573.1,,,,,,,,,,C,,,,,,,,,,,,,,,,,,,,,,,,,
KT995614.1,,,,,,,,,,C,,,,,,,,,,,,,,,,,,,,,,,,,
KT995530.1,,,,,,,,,,C,,,,,,,,,,,,,,,,,,,,,,,,,
KT995553.1,,,,,,,,,,C,,,,,,,,,,,,,,,,,,,,,,,,,
KT995629.1,,,,,,,,,,C,,,,,,,,,,,,,,,,,,,,,,,,,
KT995533.1,,,,,,,,,,C,,,,,,,,,,,,,,,,,,,,,,,,,
KT995536.1,,,,,,,,,,C,,,,,,,,,,,,,,,,,,,,,,,,,
KT995571.1,,,,,,,,,,C,,,,,,,,,,,,,,,,,,,,,,,,,
KT995609.1,,,,,,,,,,C,,,,,,,,,,,,,,,,,,,,,,,,,
KT995616.1,,,,,,,,,,C,,,,,,,,,,,,,,,,,,,,,,,,,
KT995556.1,,,,,,,,,,C,,,,,,,,,,,,,,,,,,,,,,,,,
KT995595.1,,,,,,,,,,C,,,,,,,,,,,,,,,,,,,,,,,,,
KT995579.1,,,,,,,,,,C,,,,,,,,,,,,,,,,,,,,,,,,,
KU669047.1,,,,,,,,,,C,,,,,,,,,,,,,,,,,,,,,,,,,
KT995620.1,,,,,,,,,,C,,,T,,,,,,,,,,,,,,,,,,,,,,
KT995619.1,,,,,,,,,,C,,,,,,,,,,,,,,,,,,,,,,,,,
KT995566.1,,,,,,,,,,C,,,,,,,,,,,,,,,,,,,,,,,,,
KT995582.1,,,,,,,,,,C,,,,,,,,,,,,,,,,,,,,,,,,,
KT995585.1,,,,,,,,,,C,,,,,,,,,,,,,,,,,,,,,,,,,
KT995608.1,,,,,,,,,,C,,,,,,,,,,,,,,,,,,,,,,,,,
KT995580.1,,,,,,,,,,C,,,,,,,,,,,,,,,,,,,,,,,,,
KT995624.1,,,,,,,,,,C,,,,,,,,,,,,,,,,,,,,,,,,,
KT995596.1,,,,,,,,,,C,,,,,,,,,,,,,,,,,,,,,,,,,
KT995563.1,,,,,,,,,,C,,,,,,,,,,,,,,,,,,,,,,,,,
KT995606.1,,,,,,,,,,C,,,,,,,,,,,,,,,,,,,,,,,,,
KP745761.1,,,,,,,,,,C,,,,,,,,,,,,,,,,,,,,,,,,,
KT995593.1,,,,,,,,,,C,,,,,,,,,,,,,,,,,,,,,,,,,
KT995607.1,,,,,,,,,,C,,,,,,,,,,,,,,,,,,,,,,,,,
KT995591.1,,,,,,,,,,C,,,,,,,,,,,,,,,,,,,,,,,,,
KT995568.1,,,,,,,,,,C,,,,,,,,,,,,,,,,,,,,,,,,,
KT995540.1,,,,,,,,,,C,,,,,,,,,,,,,,,,,,,,,,,,,
KP126911.1,,,,,,,,,,C,,,,,,,,,,,,,,,,,,,,,,,,,
KP100793.1,,,,,,,,,,C,,,,,,,,,,,,,,,,,,,,,,,,,
KU669046.1,,,,,,,,,,C,,,,,,,,,,,,,,,,,,,,,,,,,
KT995564.1,,,,,,,,,,C,,,,,,,,,,,,,,,,,,,,,,,,,
KT995598.1,,,,,,,,,,C,,,,,,,,,,,,,,,,,,,,,,,,,
KT995531.1,,,,,,,,,,C,,,,,,,,,,,,,,,,,,,,,,,,,
KT995590.1,,,,,,,,,,C,,,,,,,,,,,,,,,,,,,,,,,,,
KT995543.1,,,,,,,,,,C,,,,,,,,,,,,,,,,,,,,,,,,,
KT347229.1,,,,,,,,,,C,,,,,,,,,,,,,,,,,,,,,,,,,
KT347235.1,,,,,,,,,,C,,,,,,,,,,,,,,,,,,,,,,,,,
KT347266.1,,,,,,,,,,C,,,,,,,,,,,,,,,,,,,,,,,,,
KT347243.1,,,,,,,,,,C,,,,,,,,,,,,,,,,,,,,,,,,,
KT347234.1,,,,,,,,,,C,,,,,,,,,,,,,,,,,,,,,,,,,
KT347277.1,,,,,,,,,,C,,,,,,,,,,,,,,,,,,,,,,,,,
KT347232.1,,,,,,,,,,C,,,,,,,,,,,,,,,,,,,,,,,,,
KT347256.1,,,,,,,,,,C,,,,,,,,,,,,,,,,,,,,,,,,,
KT347262.1,,,,,,,,,,C,,,,,,,,,,,,,,,,,,,,,,,,,
KT347230.1,,,,,,,,,,C,,,,,,,,,,,,,,,,,,,,,,,,,
KT347270.1,,,,,,,,,,C,,,,,,,,,,,,,,,,,,,,,,,,,
KT347246.1,,,,,,,,,,C,,,,,,,,,,,,,,,,,,,,,,,,,
KT995612.1,,,,,,,,,,C,,,,,,,,,,,,,,,,,,,,,,,,,
KT995581.1,,,,,,,,,,C,,,,,,,,,,,,,,,,,,,,,,,,,
KT995600.1,,,,,,,,,,C,,,,,,,,,,,,,,,,,,,,,,,,,
KT995618.1,,,,,,,,,,C,,,,,,,,,,,,,,,,,,,,,,,,,
KT995622.1,,,,,,,,,,C,,,,,,,,,,,,,,,,,,,,,,,,,
KT995603.1,,,,,,,,,,C,,,,,,,,,,,,,,,,,,,,,,,,,
KU669044.1,,,,,,,,,,C,,,,,,,,,,,,,,,,,,,,,,,,,
KT995558.1,,,,,,,,,,C,,,,,,,,,,,,,,,,,,,,,,,,,
KT995577.1,,,,,,,,,,C,,,,,,,,,,,,,,,,,,,,,,,,,
KT995578.1,,,,,,,,,,C,,,,,,,,,,,,,,,,,,,,,,,,,
KT347244.1,,,,,,,,,,C,,,,,,,,,,,,,,,,,,,,,,,,,
KX255395.1,,,,,,,,,,C,,,,,,,,,,,,,,,,,,,,,,,,,
KX255413.1,,,,,,,,,,C,,,,,,,,,,,,,,,,,,,,,,,,,
KT347226.1,,,,,,,,,,C,,,,,,,,,,,,,,,,,,,,,,,,,
KT347242.1,,,,,,,,,,C,,,,,,,,,,,,,,,,,,,,,,,,,
KT347272.1,,,,,,,,,,C,,,,,,,,,,,,,,,,,,,,,,,,,
KT347250.1,,,,,,,,,,C,,,,,,,,,,,,,,,,,,,,,,,,,
KT347255.1,,,,,,,,,,C,,,,,,,,,,,,,,,,,,,,,,,,,
KT347237.1,,,,,,,,,,C,,,,,,,,,,,,,,,,,,,,,,,,,
KT347227.1,,,,,,,,,,C,,,,,,,,,,,,,,,,,,,,,,,,,
KT347248.1,,,,,,,,,,C,,,,,,,,,,,,,,,,,,,,,,,,,
KT347257.1,,,,,,,,,,C,,,,,,,,,,,,,,,,,,,,,,,,,
KT347241.1,,,,,,,,,,C,,,,,,,,,,,,,,,,,,,,,,,,,
KT347238.1,,,,,,,,,,C,,,,,T,,,,,,,,,,,,,,,,,,,,
KT347273.1,,,,,,,,,,C,,,,,,,,,,,,,,,,,,,,,,,,,
KT995570.1,,,,,,,,,,C,,,,,,,,,,,,,,,,,,,,,,,,,
KT347224.1,,,,,,,,,,C,,,,,,,,,,,,,,,,,,,,,,,,,
KT347236.1,,,,,,,,,,C,,,,,,,,,,,,,,,,,,,,,,,,,
KT347279.1,,,,,,,,,,C,,,,,,,,,,,,,,,,,,,,,,,,,
KT995532.1,,,,,,,,,,C,,,,,,,,,,,,,,,,,,,,,,,,,
KT995605.1,,,,,,,,,,C,,,,,,,,,,,,,,,,,,,,,,,,,
KT995546.1,,,,,,,,,,C,,,,,,,,,,,,,,,,,,,,,,,,,
KT995569.1,,,,,,,,,,C,,,,,,,,,,,,,,,,,,,,,,,,,
KT995583.1,,,,,,,,,,C,,,,,,,,,,,,,,,,,,,,,,,,,
KT995554.1,,,,,,,,,,C,,,,,,,,,,,,,,,,,,,,,,,,,
KT995592.1,,,,,,,,,,C,,,,,,,,,,,,,,,,,,,,,,,,,
KT995611.1,,,,,,,,,,C,,,,,,,,,,,,,,,,,,,,,,,,,
KT347228.1,,,,,,,,,,C,,,,,,,,,,,,,,,,,,,,,,,,,
KT347261.1,,,,,,,,,,C,,,,,,,,,,,,,,,,,,,,,,,,,
KT995572.1,,,,,,,,,,C,,,,,,,,,,,,,,,,,,,,,,,,,
KT347249.1,,,,,,,,,,C,,,,,,,,,,,,,,,,,,,,,,,,,
KT347251.1,,,,,,,,,,C,,,,,,,,,,,,,,,,,,,,,,,,,
KT347253.1,,,,,,,,,,C,,,,,,,,,,,,,,,,,,,,,,,,,
KT347263.1,,,,,,,,,,C,,,,,,,,,,,,,,,,,,,,,,,,,
KM881710.2,,,,,,,,,,C,,,,,,,,,,,,,,,,,,,,,,,,,
KM851225.1,,,,,,,,,,C,,,,,,,,,,,,,,,,,,,,,,,,,
KT347260.1,,,,,,,,,,C,,,,,,,,,,,,,,,,,,,,,,,,,
KT347239.1,,,,,,,,,,C,,,,,,,,,,,,,,,,,,,,,,,,,
KT347240.1,,,,,,,,,,C,,,,,,,,,,,,,,,,,,,,,,,,,
KT995535.1,,,,,,,,,,C,,,,,,,,,,,,,,,,,,,,,,,,,
KT995550.1,,,,,,,,,,C,,,,,,,,,,,,,,,,,,,,,,,,,
KT995599.1,,,,,,,,,,C,,,,,,,,,,,,,,,,,,,,,,,,,
KT995625.1,,,,,,,,,,C,,,,,,,,,,,,,,,,,,,,,,,,,
KT347223.1,,,,,,,,,,C,,,,,,,,,,,,,,,,,,,,,,,,,
KT347259.1,,,,,,,,,,C,,,,,,,,,,,,,,,,,,,,,,,,,
KT347274.1,,,,,,,,,,C,,,,,,,,,,,,,,,,,,,,,,,,,
KX255364.1,,,,,,,,,,C,,,,,,,,,,,,,,,,,,,,,,,,,
KX255373.1,,,,,,,,,,C,,,,,,,,,,,,,,,,,,,,,,,,,
KT347271.1,,,,,,,,,,C,,,,,,,,,,,,,,,,,,,,,,,,,
KT347225.1,,,,,,,,,,C,,,,,,,,,,,,,,,,,,,,,,,,,
KT347268.1,,,,,,,,,,C,,,,,,,,,,,,,,,,,,,,,,,,,
KT995541.1,,,,,,,,,,C,,,,,,,,,,,,,,,,,,,,,,,,,
KT347264.1,,,,,,,,,,C,,,,,,,,,,,,,,,,,,,,,,,,,
KT995534.1,,,,,,,,,,C,,,,,,,,,,,,,,,,,,,,,,,,,
KT995602.1,,,,,,,,,,C,,,,,,,,,,,,,,,,,,,,,,,,,
KT995584.1,,,,,,,,,,C,,,,,,,,,,,,,,,,,,,,,,,,,
KT995623.1,,,,,,,,,,C,,,,,,,,,,,,,,,,,,,,,,,,,
KT995594.1,,,,,,,,,,C,,,,,,,,,,,,,,,,,,,,,,,,,
KT835407.1,,,,,,,,,,C,,,,,,,,,,,,,,,,,,,,,,,,,
KT995552.1,,,,,,,,,,C,,,,,,,,,,,,,,,,,,,,,,,,,
KT995617.1,,,,,,,,,,C,,,,,,,,,,,,,,,,,,,,,,,,,
KT347276.1,,,,,,,,,,C,,,,,,,,,,,,,,,,,,,,,,,,,
KT995597.1,,,,,,,,,,C,,,,,,,,,,,,,,,,,,,,,,,,,
KT995615.1,,,,,,,,,,C,,,,,,,,,,,,,,,,,,,,,,,,,
KT995627.1,,,,,,,,,,C,,,,,,,,,,,,,,,,,,,,,,,,,
KP745751.1,,,,,,,,,,C,,,,,,,,,,,,,,,,,,,,,,,,,
KP745754.1,,,,,,,,,,C,,,,,,,,,,,,,,,,,,,,,,,,,
KP745757.1,,,,,,,,,,C,,,,,,,,,,,,,,,,,,,,,,,,,
KP745770.1,,,,,,,,,,C,,,,,,,,,,,,,,,,,,,,,,,,,
KT995586.1,,,,,,,,,,C,,,,,,,,,,,,,,,,,,,,,,,,,
KT995549.1,,,,,,,,,,C,,,,,C,,,,,,,,,,,,,,,,,,,,
KT995576.1,,,,,,,,,,C,,,,,,,,,,,,,,,,,,,,,,,,,
KU669042.1,,,,,,,,,,C,,,,,,,,,,,,,,,,,,,,,,,,,
KX255382.1,,,,,,,,,,C,,,,,,,,,,,,,,,,,,,,,,,,,
MH708882.1,,,,,,,,,,C,,,,,,,,,,,,,,,,,,,,,,,,,C
KM851227.1,,,,,,,,,,C,,,,,,,,,,,,,,,,,,,,,,,,,C
KT266905.1,,,,,,,,,,C,,,,,,,,,,,,,,,,,,,,,,,,,
KP745755.1,,,,,,,,,,C,,,,,,,,,,,,,,,,,,,,,,,,,
KP745760.1,,,,,,,,,,C,,,,,,,,,,,,,,,,,,,,,,,,,
KT995626.1,,,,,,,,,,C,,,,,,,,,,,,,,,,,,,,,,,,,
KT347265.1,,,,,,,,,,C,,,,,,,,,,,,,,,,,,,,,,,A,,
KT803995.1,,,,,,,,,,C,,,,,,,,,,,,,,,,,,,,,,,,,
KP745759.1,,,,,,,,,,C,,,,,,,,,,,,,,,,,,,,,,,,,
KT347269.1,,,,,,,,,,C,,,,,,,,,,,,,,,,,,,,,,,,,
MK681491.1,,,,,,,,,,C,,,,,,,,,,,,,,,,GAAAATA,,,,,,,,,
KT347245.1,,,,,,,,,,C,,,,,,,,,,,,,,,,,,,,,,,,,
KT347267.1,,,,,,,,,,C,,,,,,,,,,,,,,,,,,,,,,,,,
MK681502.1,,,,,,,,,,C,,,,,,,,,,,,,,,,GAAAAA,,,,,,,,,
MK681497.1,,,,,,,,,,C,,,,,,,,,,,,,,,,GAAAATA,,,,,,,,,
KT995610.1,,,,,,,,,,C,,,,,,,,,,,,,,,,,,,,,,,,,
KT995621.1,,,,,,,,,,C,,,,,,,,,,,,,,,,,,,,,,,,,
MK681492.1,,,,,,,,,,C,,,,,,,,,,,,,,,,GAAAAA,,,,,,,,,
KT995567.1,,,,,,,,,,C,,,,,,,,,,,,,,,,,,,,,,,,,
MK681500.1,,,,,,,,,,C,,,,,,,,,,,,,,,,,,TAATTTGAAA,,,,,,,
KU669040.1,,,,,,,,,,C,,,,,,,,,,,,,,,,,,,,,,,,,
KT995613.1,,,,,,,,,,C,,,,,,,,,,,,,,,,,,,,,,,,,
MK681499.1,,,,,,,,,,C,,,,,,,,,,,,,,,,,,ATTTGAAA,,,,,,,
MK681504.1,,,,,,,,,,C,,,,,,,,,,,,,,,,,,TATCATCTCTAACCAATTTGAAA,,,,,,,
MK681505.1,,,,,,,,,,C,,,,,,,,,,,,,,,,,,TATCATCTCTAACCAATTTGAAA,,,,,,,
KX255389.1,,,,,,,,,,C,,,,,,,,,,,,,,,,,,,,,,,,,
KT995565.1,,,,,,,,,,C,,,,,,,,,,,,,,,,,,,,,,,,,
KT995575.1,,,,,,,,,,C,,,,,,,,,,,,,,,,,,,,,,,,,
KP745763.1,,,,,,,,,,C,,,,,,,,,,,,,,,,,,,,,,,,,
KT995589.1,,,,,,,,,,C,,,,,,,,,,,,,,,,,,,,,,,,,
KX255367.1,,,,,,,,,,C,,,,,,,,,,,,,,,,,,,,,,,,,
KY767820.1,,,,,,,,,,C,,,,,,,,,,,,,,,,,,,,,,,,,
KT285320.1,,,,,,,,,,C,,,,,,,,,,,,,,,,,,,,,,,,,
KX255356.1,,,,,,,,,,C,,,,,,,,,,,,,,,,,,,,,,,,,
KX255399.1,,,,,,,,,,C,,,,,,,,,,,,,,,,,,,,,,,,,
KX255370.1,,,,,,,,,,C,,,,,,,,,,,,,,,,,,,,,,,,,
KX255377.1,,,,,,,,,,C,,,,,,,,,,,,,,,,,,,,,,,,,
KX255414.1,,,,,,,,,,C,,,,,,,,,,,,,,,,,,,,,,,,,
KX255365.1,,,,,,,,,,C,,,,,,,,,,,,,,,,,,,,,,,,,
KX433156.1,,,,,,,,,,C,,,,,,,,,,,,,,,,,,,,,,,,,
KX433165.1,,,,,,,,,,C,,,,,,,,,,,,,,,,,,,,,,,,,
KX255387.1,,,,,,,,,,C,,,,,,,,,,,,,,,,,,,,,,,,,
KX255398.1,,,,,,,,,,C,,,,,,,,,,,,,,,,,,,,,,,,,
KX255368.1,,,,,,,,,,C,,,,,,,,,,,,,,,,,,,,,,,,,
KX255384.1,,,,,,,,,,C,,,,,,,,,,,,,,,,,,,,,,,,,
KX255406.1,,,,,,,,,,C,,,,,,,,,,,,,,,,,,,,,,,,,
KX255383.1,,,,,,,,,,C,,,,,,,,,,,,,,,,,,,,,,,,,
KX255375.1,,,,,,,,,,C,,,,,,,,,,,,,,,,,,,,,,,,,
KT825142.1,,,,,,,,,,C,,,,,,,,,,,,,,,,,,,,,,,,,
KT995548.1,,,,,,,,,,C,,,,,,,,,,,,,,,,,,,,,,,,,
KX255352.1,,,,,,,,,,C,,,,,,,,,,,,,,,,,,,,,,,,,
KX255415.1,,,,,,,,,,C,,,,,,,,,,,,,,,,,,,,,,,,,
KX255354.1,,,,,,,,,,C,,,,,,,,,,,,,,,,,,,,,,,,,
KX255385.1,,,,,,,,,,C,,,,,,,,,,,,,,,,,,,,,,,,,
KX255362.1,,,,,,,,,,C,,,,,,,,,,,,,,,,,,,,,,,,,
KX255390.1,,,,,,,,,,C,,,,,,,,,,,,,,,,,,,,,,,,,
KX255403.1,,,,,,,,,,C,,,,,,,,,,,,,,,,,,,,,,,,,
KX255378.1,,,,,,,,,,C,,,,,,,,,,,,,,,,,,,,,,,,,
KX255379.1,,,,,,,,,,C,,,,,,,,,,,,,,,,,,,,,,,,,
KX255411.1,,,,,,,,,,C,,,,,,,,,,,,,,,,,,,,,,,,,
KT835408.1,,,,,,,,,,C,,,,,,,,,,,,,,,,,,,,,,,,,
KU669043.1,,,,,,,,,,C,,,,,,,,,,,,,,,,,,,,,,,,,
KT995547.1,,,,,,,,,,C,,,,,,,,,,,,,,,,,,,,,,,,,
KT995557.1,,,,,,,,,,C,,,,,,,,,,,,,,,,,,,,,,,,,
KT995604.1,,,,,,,,,,C,,,,,,,,,,,,,,,,,,,,,,,,,
KT347275.1,,,,,,,,,,C,,,,,,,,,,,,,,,,,,,,,,,,,
KU669045.1,,,,,,,,,,C,,,,,,,,,,,,,,,,,,,,,,,,,
KT995539.1,,,,,,,,,,C,,,,,,,,,,,,,,,,,,,,,,,,,
KT995574.1,,,,,,,,,,C,,,,,,,,,,,,,,,,,,,,,,,,,
KP745767.1,,,,,,,,,,C,,,,,,,,,,,,,,,,,,,,,,,,,
KP100794.1,,,,,,,,,,C,,,,,,,,,,,,,,,,,,,,,,,,,
KT995538.1,,,,,,,,,,C,,,,,,,,,,,,,,,,,,,,,,,,,
KT995542.1,,,,,,,,,,C,,,,,,,,,,,,,,,,,,,,,,,,,
KT995545.1,,,,,,,,,,C,,,,,,,,,,,,,,,,,,,,,,,,,
KT347233.1,,,,,,,,,,C,,,,,,,,,,,,,,,,,,,,,,,,,
KT347278.1,,,,,,,,,,C,,,,,,,,,,,,,,,,,,,,,,,,,
KT347252.1,,,,,,,,,,C,,,,,,,,,,,,,,,,,,,,,,,,,
KT347254.1,,,,,,,,,,C,,,,,,,,,,,,,,,,,,,,,,,,,
KT347258.1,,,,,,,,,,C,,,,,,,,,,,,,,,,,,,,,,,,,
KT995628.1,,,,,,,,,,C,,,,,,,,,,,,,,,,,,,,,,,,,
KT995544.1,,,,,,,,,,C,,,,,,,,,,,,,,,,,,,,,,,,,
KT995562.1,,,,,,,,,,C,,,,,,,,,,,,,,,,,,,,,,,,,
KT995587.1,,,,,,,,,,C,,,,,,,,,,,,,,,,,,,,,,,,,
KU844180.1,,,,,,,,,,C,,,,,,,,,,,,,,,,,,,,,,,,,
KT347247.1,,,,,,,,,,C,,,,,,,,,,,,,,,,,,,,,,,,,
KT280503.1,,,,,,,,,,C,,,,,,,,,,,,,,,,,,,,,,,,,
KT280504.1,,,,,,,,,,C,,,,,,,,,,,,,,,,,,,,,,,,,
KM892501.1,,,,,,,,,,C,,,,,,,,,,,,,,,,,,TTCTAAACTCAT,,,,,,,
PV018745.1,,,,,,,,,,C,,,,,,,,,,,,,,,,,,,,,,,,,AAAAAAAAAAAAAAAAAAAAAAAAAAAAAAAAAAAAAAAAAAAAAAAAAAAAAAAAAAAAAAAAAAAAAAAAAAAAAAAAAAAAAAAAAAAAAAAAAAAAA
OQ791519.1,,,,,,,,,,C,,,,,,,,,,,,,,,,,,,,,,,,,
MN240504.1,,,,,,,,,,C,,,,,,,,,,,,,,,,,,,,,,,,,
MN240513.1,,,,,,,,,,C,,,,,,,,,,,,,,,,,,,,,,,,,
KX255371.1,,,,,,,,,,C,,,,,,,,,,,,,,,,,,,,,,,,,
MN240514.1,,,,,,,,,,C,,,,,,,,,,,,,,,,,,,,,,,,,
KX261793.1,,,,,,,,,,C,,,,,,,,,,,,,,,,,,,,,,,,,
KX261814.1,,,,,,,,,,C,,,,,,,,,,,,,,,,,,,,,,,,,
KX255366.1,,,,,,,,,,C,,,,,,,,,,,,,,,,,,,,,,,,,
KX261797.1,,,,,,,,,,C,,,,,,,,,,,,,,,,,,,,,,,,,
KX261805.1,,,,,,,,,,C,,,,,,,,,,,,,,,,,,,,,,,,,
KX261811.1,,,,,,,,,,C,,,,,,,,,,,,,,,,,,,,,,,,,
KX261810.1,,,,,,,,,,C,,,,,,,,,,,,,,,,,,,,,,,,,
KX255402.1,,,,,,,,,,C,,,,,,,,,,,,,,,,,,,,,,,,,
KX261813.1,,,,,,,,,,C,,,,,,,,,,,,,,,,,,,,,,,,,
KX261815.1,,,,,,,,,,C,,,,,,,,,,,,,,,,,,,,,,,,,
KX261820.1,,,,,,,,,,C,,,,,,,,,,,,,,,,,,,,,,,,,
KX261795.1,,,,,,,,,,C,,,,,,,,,,,,,,,,,,,,,,,,,
KX261803.1,,,,,,,,,,C,,,,,,,,,,,,,,,,,,,,,,,,,
KX261798.1,,,,,,,,,,C,,,,,,,,,,,,,,,,,,,,,,,,,
KX261802.1,,,,,,,,,,C,,,,,,,,,,,,,,,,,,,,,,,,,
KX261794.1,,,,,,,,,,C,,,,,,,,,,,,,,,,,,,,,,,,,
KX261807.1,,,,,,,,,,C,,,,,,,,,,,,,,,,,,,,,,,,,
KX261818.1,,,,,,,,,,C,,,,,,,,,,,,,,,,,,,,,,,,,
KX261801.1,,,,,,,,,,C,,,,,,,,,,,,,,,,,,,,,,,,,
KX261809.1,,,,,,,,,,C,,,,,,,,,,,,,,,,,,,,,,,,,
KX261819.1,,,,,,,,,,C,,,,,,,,,,,,,,,,,,,,,,,,,
KX261812.1,,,,,,,,,,C,,,,,,,,,,,,,,,,,,,,,,,,,
KX261800.1,,,,,,,,,,C,,,,,,,,,,,,,,,,,,,,,,,,,
KX261808.1,,,,,,,,,,C,,,,,,,,,,,,,,,,,,,,,,,,,
KX261796.1,,,,,,,,,,C,,,,,,,,,,,,,,,,,,,,,,,,,
KX261821.1,,,,,,,,,,C,,,,,,,,,,,,,,,,,,,,,,,,,
KX261823.1,,,,,,,,,,C,,,,,,,,,,,,,,,,,,,,,,,,,
KX261826.1,,,,,,,,,,C,,,,,,,,,,,,,,,,,,,,,,,,,
KX255408.1,,,,,,,,,,C,,,,,,,,,,,,,,,,,,,,,,,,,
KX261799.1,,,,,,,,,,C,,,,,,,,,,,,,,,,,,,,,,,,,
KX261817.1,,,,,,,,,,C,,,,,,,,,,,,,,,,,,,,,,,,,
KX261806.1,,,,,,,,,,C,,,,,,,,,,,,,,,,,,,,,,,,,
KX261822.1,,,,,,,,,,C,,,,,,,,,,,,,,,,,,,,,,,,,
KX261816.1,,,,,,,,,,C,,,,,,,,,,,,,,,,,,,,,,,,,
AB601882.2,,,,,,,,,,C,,,,,,,,,,,,,,,,,,,,,,,,,
AB601883.2,,,,,,,,,,C,,,,,,,,,,,,,,,,,,,,,,,,,
MN240517.1,,,,,,,,,,C,,,,,,,,,ACTTCAAT,,,,,,,,,,,,,,,,
MN240497.1,,,,,,,,,,C,,,,,,,,,,,,,,,,,,,,,,,,,
KX433166.1,,,,,,,,,,C,,,,,,,,,,,,,,,,,,,,,,,,,
KX255353.1,,,,,,,,,,C,,,,,,,,,,,,,,,,,,,,,,,,,
KX255405.1,,,,,,,,,,C,,,,,,,,,,,,,,,,,,,,,,,,,
KX255357.1,,,,,,,,,,C,,,,,,,,,,,,,,,,,,,,,,,,,
KX255391.1,,,,,,,,,,C,,,,,,,,,,,,,,,,,,,,,,,,,
MN240498.1,,,,,,,,,,C,,,,,,,,,,,,,,,,,,,,,,,,,
MN240500.1,,,,,,,,,,C,,,,,,,,,,,,,,,,,,,,,,,,,
KX384960.1,,,,,,,,,,C,,,,,,,,,,,,,,,,,,,,,,,,,
MN240502.1,,,,,,,,,,C,,,,,,,,,,,,,,,,,,,,,,,,,
MN240511.1,,,,,,,,,,C,,,,,,,,,,,,,,,,,,,,,,,,,
MN240509.1,,,,,,,,,,C,,,,,,,,,,,,,,,,,,,,,,,,,
KX255372.1,,,,,,,,,,C,,,,,,,,,,,,,,,,,,,,,,,,,
KX255388.1,,,,,,,,,,C,,,,,,,,,,,,,,,,,,,,,,,,,
KX255410.1,,,,,,,,,,C,,,,,,,,,,,,,,,,,,,,,,,,,
KX255400.1,,,,,,,,,,C,,,,,,,,,,,,,,,,,,,,,,,,,
KX255412.1,,,,,,,,,,C,,,,,,,,,,,,,,,,,,,,,,,,,
KX255393.1,,,,,,,,,,C,,,,,,,,,,,,,,,,,,,,,,,,,
KX255397.1,,,,,,,,,,C,,,,,,,,,,,,,,,,,,,,,,,,,
PQ895337.1,,,,,,,,,,C,,,,,,,,,,,,,,,,,,,,,TCCGGT,,,,AAAAAAAAAAAAAAAAAAAAAAAAAAAAAAAAAAAAAAAAAAA
PQ766584.1,,,,,,,,,,C,,,,,,,,,,,,,,,,,,,,,TCCGGT,,,,AAAAAAAAAAAAAAAAAAAAAAAAAAAAAAAAAAAAAAAAAAA
PP157595.1,,,,,,,,,,C,,,,,,,,,,,,,,,,,,,,,TCCAGT,,,,
PP157596.1,,,,,,,,,,C,,,,,,,,,,,,,,,,,,,,,TCCGGT,,,,
OR230418.1,,,,,,,,,,C,,,,,,,,,,,,,,,,,,,,,TCCGGT,,,,
OR230421.1,,,,,,,,,,C,,,,,,,,,,,,,,,,,,,,,TCCGGT,,,,
OR230419.1,,,,,,,,,,C,,,,,,,,,,,,,,,,,,,,,TCCGGT,,,,
OR230420.1,,,,,,,,,,C,,,,,,,,,,,,,,,,,,,,,TCCGGT,,,,
OR230416.1,,,,,,,,,,C,,,,,,,,,,,,,,,,,,,,,TCCGGT,,,,
OR230425.1,,,,,,,,,,C,,,,,,,,,,,,,,,,,,,,,TCCGGT,,,,
OR230427.1,,,,,,,,,,C,,,,,,,,,,,,,,,,,,,,,TCCGGT,,,,
OR230426.1,,,,,,,,,,C,,,,,,,,,,,,,,,,,,,,,TCCGGT,,,,
OR230424.1,,,,,,,,,,C,,,,,,,,,,,,,,,,,,,,,TCCGGT,,,,
OR230422.1,,,,,,,,,,C,,,,,,,,,,,,,,,,,,,,,TCCGGT,,,,
OR230428.1,,,,,,,,,,C,,,,,,,,,,,,,,,,,,,,,TCCGGT,,,,
OR230429.1,,,,,,,,,,C,,,,,,,,,,,,,,,,,,,,,TCCGGT,,,,
MN726801.1,,,,,,,,,,C,,,,,,,,,,,,,,,,,,,,,TCCGGT,,,,
PP025331.1,,,,,,,,,,C,,,,,,,,,,,,,,,,,,,,,TCCGGT,,,,
OR833055.1,,,,,,,,,,C,,,,,,,,,,,,,,,,,,,,,TCCGGT,,,,
OR833015.1,,,,,,,,,,C,,,,,,,,,,,,,,,,,,,,,TCCGGT,,,,
OR833014.1,,,,,,,,,,C,,,,,,,,,,,,,,,,,,,,,TCCGGT,,,,
OR833023.1,,,,,,,,,,C,,,,,,,,,,,,,,,,,,,,,TCCGGT,,,,
OR833032.1,,,,,,,,,,C,,,,,,,,,,,,,,,,,,,,,TCCGGT,,,,
OR833048.1,,,,,,,,,,C,,,,,,,,,,,,,,,,,,,,,TCCGGT,,,,
OR230417.1,,,,,,,,,,C,,,,,,,,,,,,,,,,,,,,,TCCGGT,,,,
OR230423.1,,,,,,,,,,C,,,,,,,,,,,,,,,,,,,,,TCCGGT,,,,
PP548245.1,,,,,,,,,,C,,,,,,,,,,,,,,,,,,,,,TCCGGT,,,,AAAAAAAAAAAAAAAAAAAAAAAA
PP947793.1,,,,,,,,,,C,,,,,,,,,,,,,,,,,,,,,TCCGGT,,,,AAAAAAAAAAAAAAAAAAAAAAAAAAAAAAAAAAAAAAAAAAA
PP947799.1,,,,,,,,,,C,,,,,,,,,,,,,,,,,,,,,TCCGGT,,,,
PQ766595.1,,,,,,,,,,C,,,,,,,,,,,,,,,,,,,,,TCCGGT,,,,
MT789749.1,,,,,,,,,,C,,,,,,,,,,,,,,,,,,,,,TCCGGT,,,,
MT789750.1,,,,,,,,,,C,,,,,,,,,,,,,,,,,,,,,TCCGGT,,,,
MT789752.1,,,,,,,,,,C,,,,,,,,,,,,,,,,,,,,,TCCGGT,,,,
MT789753.1,,,,,,,,,,C,,,,,,,,,,,,,,,,,,,,,TCCGGT,,,,
MT789754.1,,,,,,,,,,C,,,,,,,,,,,,,,,,,,,,,TCCGGT,,,,
MK419079.1,,,,,,,,,,C,,,,,,,,,,,,,,,,,,,,,TCCGGT,,,,
MK419039.1,,,,,,,,,,C,,,,,,,,,,,,,,,,,,,,,TCCGGT,,,,
MK419063.1,,,,,,,,,,C,,,,,,,,,,,,,,,,,,,,,TCCGGT,,,,
MK419069.1,,,,,,,,,,C,,,,,,,,,,,,,,,,,,,,,TCCGGT,,,,
MK105987.1,,,,,,,,,,C,,,,,,,,,,,,,,,,,,,,,TCCGGT,,,,
MK105989.1,,,,,,,,,,C,,,,,,,,,,,,,,,,,,,,,TCCGGT,,,,
MK419060.1,,,,,,,,,,C,,,,,,,,,,,,,,,,,,,,,TCCGGT,,,,
MW567157.1,,,,,,,,,,C,,,,,,,,,,,,,,,,,,,,,TCCGGT,,,,
MW567160.1,,,,,,,,,,C,,,,,,,,,,,,,,,,,,,,,TCCGGT,,,,
MW567158.1,,,,,,,,,,C,,,,,,,,,,,,,,,,,,,,,TCCGGT,,,,
MW567159.1,,,,,,,,,,C,,,,,,,,,,,,,,,,,,,,,TCCGGT,,,,
MW567162.1,,,,,,,,,,C,,,,,,,,,,,,,,,,,,,,,TCCGGT,,,,
LC629445.1,,,,,,,,,,C,,,,,,,,,,,,,,,,,,,,,TCCGGT,,,,
LC629446.1,,,,,,,,,,C,,,,,,,,,,,,,,,,,,,,,TCCGGT,,,,
LC629447.1,,,,,,,,,,C,,,,,,,,,,,,,,,,,,,,,TCCGGT,,,,
MH341726.1,,,,,,,,,,C,,,,,,,,,,,,,,,,,,,,,TCCAGT,,,,
MH341727.1,,,,,,,,,,C,,,,,,,,,,,,,,,,,,,,,TCCAGT,,,,
MH341729.1,,,,,,,,,,C,,,,,,,,,,,,,,,,,,,,,TCCGGT,,,,
MH341728.1,,,,,,,,,,C,,,,,,,,,,,,,,,,,,,,,TCCGGT,,,,
MH341733.1,,,,,,,,,,C,,,,,,,,,,,,,,,,,,,,,TCCGGT,,,,
MT789751.1,,,,,,,,,,C,,,,,,,,,,,,,,,,,,,,,TCCGGT,,,,
MK419077.1,,,,,,,,,,C,,,,,,,,,,,,,,,,,,,,,TCCGGT,,,,
MN726798.1,,,,,,,,,,C,,,,,,,,,,,,,,,,,,,,,TCCGGT,,,,
MT789755.1,,,,,,,,,,C,,,,,,,,,,,,,,,,,,,,,TCCGGT,,,,
LC629448.1,,,,,,,,,,C,,,,,,,,,,,,,,,,,,,,,TCCGGT,,,,
LC629449.1,,,,,,,,,,C,,,,,,,,,,,,,,,,,,,,,TCCGGT,,,,
LC629450.1,,,,,,,,,,C,,,,,,,,,,,,,,,,,,,,,TCCGGT,,,,
PQ238719.1,,,,,,,,,,C,,,,,,,,,,,,,,,,,,,,,TCCGGT,,,,
MW567161.1,,,,,,,,,,C,,,,,,,,,,,,,,,,,,,,,TCCGGT,,,,
LC629438.1,,,,,,,,,,C,,,,,,,,,,,,,,,,,,,,,TCCGGT,,,,
MK105982.1,,,,,,,,,,C,,,,,,,,,,,,,,,,,,,,,TCCGGT,,,,
KY767821.1,,,,,,,,,,C,,,,,,,,,,,,,,,,,,,,,TCCGGT,,,,
KT764078.1,,,,,,,,,,C,,,,,,,,,,,,,,,,,,,,,TCCGGC,,,,C
KU242684.1,,,,,,,,,,C,,,,,,,,,,,,,,,,,,,,,,,,,
KT280502.1,,,,,,,,,,C,,,,,,,,,,,,,,,,,,,,,TCCGGC,,,,
KT280501.1,,,,,,,,,,C,,,,,,,,,,,,,,,,,,,,,TCCGGT,,,,
KT285319.1,,,,,,,,,,C,,,,,,,,,,A,,,,,,,,,,,TCCGGT,,,,
KT306743.1,,,,,,,,,,C,,,,,,,,,,,,,,,,,,,,,TCCGGT,,,,
LC629439.1,,,,,,,,,,C,,,,,,,,,,,,,,,,,,,,,TCCGGT,,,,
LC629441.1,,,,,,,,,,C,,,,,,,,,,,,,,,,,,,,,TCCGGT,,,,
LC629440.1,,,,,,,,,,C,,,,,,,,,,,,,,,,,,,,,TCCGGT,,,,
KM851231.1,,,,,,,,,,C,,,,,,,,,,,,,,,,,,,,,TCCGGT,,,,
MK105977.1,,,,,,,,,,C,,,,,,,,,,,,,,,,,,,,,TCCGGT,,,,
MK105979.1,,,,,,,,,,C,,,,,,,,,,,,,,,,,,,,,TTCGGT,,,,
MT791934.1,,,,,,,,,,C,,,,,,,,,,,,,,,,,,,,,TCCGGT,,,,
OQ791518.1,,,,,,,,,,C,,,,,,,,,,,,,,,,,,,,,,,,,
MN240518.1,,,,,,,,,,C,,,,,,,,,,,,,,,,,,,,,,,,,
MN240506.1,,,,,,,,,,C,,,,,,,,,,,,,,,,,,,,,,,,,
MN240519.1,,,,,,,,,,C,,,,,,,,,,,,,,,,,,,,,,,,,
KX255360.1,,,,,,,,,,C,,,,,,,,,,,,,,,,,,,,,,,,,
KX255374.1,,,,,,,,,,C,,,,,,,,,,,,,,,,,,,,,,,,,
KX255355.1,,,,,,,,,,C,,,,,,,,,,,,,,,,,,,,,,,,,
MN240505.1,,,,,,,,,,C,,,,,,,,,,,,,,,,,,,,,,,,,
MN240495.1,,,,,,,,,,C,,,,,,,,,,,,,,,,,,,,,,,,,
KX255409.1,,,,,,,,,,C,,,,,,,,,,,,,,,,,,,,,,,,,
KX261804.1,,,,,,,,,,C,,,,,,,,,,,,,,,,,,,,,,,,,
KX261824.1,,,,,,,,,,C,,,,,,,,,,,,,,,,,,,,,,,,,
JX070222.1,,,,,,,,,,C,,,,,,,,,,,,,,,,,,,,,,,,,
KX255358.1,,,,,,,,,,C,,,,,,,,,,,,,,,,,,,,,,,,,
KX255369.1,,,,,,,,,,C,,,,,,,,,,,,,,,,,,,,,,,,,
KX255359.1,,,,,,,,,,C,,,,,,,,,,,,,,,,,,,,,,,,,
KX255396.1,,,,,,,,,,C,,,,,,,,,,,,,,,,,,,,,,,,,
KX255392.1,,,,,,,,,,C,,,,,,,,,,,,,,,,,,,,,,,,,
KX255380.1,,,,,,,,,,C,,,,,,,,,,,,,,,,,,,,,,,,,
KX255404.1,,,,,,,,,,C,,,,,,,,,,,,,,,,,,,,,,,,,
KX255381.1,,,,,,,,,,C,,,,,,,,,,,,,,,,,,,,,,,,,
KX255386.1,,,,,,,,,,C,,,,,,,,,,,,,,,,,,,,,,,,,
KX255361.1,,,,,,,,,,C,,,,,,,,,,,,,,,,,,,,,,,,,
KT347280.1,,,,,,,,,,C,,,,,,,,,,,,,,,,,,,,,,,,,
KX255376.1,,,,,,,,,,C,,,,,,,,,,,,,,,,,,,,,,,,,
LC068708.1,,,,,,,,,,C,,,,,,,,,,,,,,,,,,,,,,,,,
LC068710.1,,,,,,,,,,C,,,,,,,,,,,,,,,,,,,,,,,,,
LC068709.1,,,,,,,,,,C,,,,,,,,,,,,,,,,,,,,,,,,,
LC629437.1,,,,,,,,,,C,,,,,,,,,,,,,,,,,,,,,,,,,
KX789259.2,,,,,,,,,,C,,,,,,,,,,,,,,,,,,,,,,,,,
MN240516.1,,,,,,,,,,C,,,,,,,,,,,,,,,,,,,,,,,,,
JX101846.1,,,,,,,,,,C,,,,,,,,,,,,,,,,,,,,,,,,,
MN240491.1,,,,,,,,,,C,,,,,,,,,,,,,,,,,,,,,,,,,
MN240503.1,,,,,,,,,,C,,,,,,,,,,,,,,,,,,,,,,,,,
KX255363.1,,,,,,,,,,C,,,,,,,,,,,,,,,,,,,,,,,,,
MN240493.1,,,,,,,,,,C,,,,,,,,,,,,,,,,,,,,,,,,,
MN240492.1,,,,,,,,,,C,,,,,,,,,,,,,,,,,,,,,,,,,
MN240512.1,,,,,,,,,,C,,,,,,,,,,,,,,,,,,,,,,,,,
MN240515.1,,,,,,,,,,C,,,,,,,,,,,,,,,,,,,,,,,,,
KM892500.1,,,,,,,,,,C,,,,,,,,,,,,,,,,,,,,,,,,,
MN240494.1,,,,,,,,,,C,,,,,,,,,,,,,,,,,,,,,,,,,
KY348862.1,,,,,,,,,,C,,,,,,,,,,,,,,,,,,,,,,,,,
MN240499.1,,,,,,,,,,C,,,,,,,,,,,,,,,,,,,,,,,,,
MN240510.1,,,,,,,,,,C,,,,,,,,,,,,,,,,,,,,,,,,,
MN240501.1,,,,,,,,,,C,,,,,,,,,,,,,,,,,,,,,,,,,
KX433162.1,,,,,,,,,,C,,,,,,,,,,,,,,,,,,,,,,,,,
LC629442.1,,,,,,,,,,C,,,,,,,,,,,,,,,,,,,,,,,,,
LC629444.1,,,,,,,,,,C,,,,,,,,,,,,,,,,,,,,,,,,,
LC629443.1,,,,,,,,,,C,,,,,,,,,,,,,,,,,,,,,,,,,
MK989723.1,,,,,,,,,,C,,,,,,,,,,,,,,,,,,,,,,,,,
MK989724.1,,,,,,,,,,C,,,,,,,,,,,,,,,,,,,,,,,,,
LC629436.1,,,,,,,,,,C,,,,,,,,,,,,,,,,,,,,,TCAGGT,,,,
KU242683.1,,,,,,,,,,C,,,,,,,,,,,,,,,,,,,,,TCAGGT,,,,
KF726085.1,,,,,,,,,,C,,,,,,,,,,,,,,,,,,,,,TCAGGT,,,,
MF045421.2,,,,,,,,,,C,,,,,,,,,,,,,,,,,,,,,,,,,
MN240496.1,,,,,,,,,,C,,,,,,,,,,,,,,,,,,,,,,,,,
PQ238641.1,,,,,,,,,,G,,,,,,,,,,,,,,,,,,,,,,,,,
PQ238672.1,,,,,,,,,,G,,,,,,,,,,,,,,,,,,,,,,,,,
PQ238636.1,,,,,,,,,,G,,,,,,,,,,,,,,,,,,,,,,,,,
PQ238684.1,,,,,,,,,,G,,,,,,,,,,,,,,,,,,,,,,,,,
PQ238651.1,,,,,,,,,,G,,,,,,,,,,,,,,,,,,,,,,,,,
PQ238643.1,,,,,,,,,,G,,,,,,,,,,,,,,,,,,,,,,,,,
PQ238640.1,,,,,,,,,,G,,,,,,,,,,,,,,,,,,,,,,,,,
PQ238633.1,,,,,,,,,,G,,,,,,,,,,,,,,,,,,,,,,,,,
PQ238648.1,,,,,,,,,,G,,,,,,,,,,,,,,,,,,,,,,,,,
PQ238661.1,,,,,,,,,,G,,,,,,,,,,,,,,,,,,,,,,,,,
PQ238704.1,,,,,,,,,,G,,,,,,,,,,,,,,,,,,,,,,,,,
PQ238658.1,,,,,,,,,,G,,,,,,,,,,,,,,,,,,,,,,,,,
PQ238664.1,,,,,,,,,,G,,,,,,,,,,,,,,,,,,,,,,,,,
PQ238637.1,,,,,,,,,,G,,,,,,,,,,,,,,,,,,,,,,,,,
PQ238659.1,,,,,,,,,,G,,,,,,,,,,,,,,,,,,,,,,,,,
PQ238666.1,,,,,,,,,,G,,,,,,,,,,,,,,,,,,,,,,,,,
PQ238676.1,,,,,,,,,,G,,,,,,,,,,,,,,,,,,,,,,,,,
PQ238673.1,,,,,,,,,,G,,,,,,,,,,,,,,,,,,,,,,,,,
PQ238685.1,,,,,,,,,,G,,,,,,,,,,,,,,,,,,,,,,,,,
PQ238638.1,,,,,,,,,,G,,,,,,,,,,,,,,,,,,,,,,,,,
PQ238639.1,,,,,,,,,,G,,,,,,,,,,,,,,,,,,,,,,,,,
PQ238682.1,,,,,,,,,,G,,,,,,,,,,,,,,,,,,,,,,,,,
PQ238660.1,,,,,,,,,,G,,,,,,,,,,,,,,,,,,,,,,,,,
PQ238700.1,,,,,,,,,,G,,,,,,,,,,,,,,,,,,,,,,,,,
PQ238652.1,,,,,,,,,,G,,,,,,,,,,,,,,,,,,,,,,,,,
PQ238675.1,,,,,,,,,,G,,,,,,,,,,,,,,,,,,,,,,,,,
PQ238703.1,,,,,,,,,,G,,,,,,,,,,,,,,,,,,,,,,,,,
PQ238678.1,,,,,,,,,,G,,,,,,,,,,,,,,,,,,,,,,,,,
PQ238716.1,,,,,,,,,,G,,,,,,,,,,,,,,,,,,,,,TCCGGT,,,,
PQ238717.1,,,,,,,,,,G,,,,,,,,,,,,,,,,,,,,,TCCGGT,,,,
PQ238721.1,,,,,,,,,,G,,,,,,,,,,,,,,,,,,,,,TCCGGT,,,,
PQ238701.1,,,,,,,,,,A,,,,,,,,,,,,,,,,,,,,,,,,,
KP745765.1,,,,,,,,,,A,,,,,,,,,,,,,,,,,,,,,,,,,
KP745756.1,,,,,,,,,,A,,,,,,,,,,,,,,,,,,,,,,,,,
EF107098.1,,,,,,,,,,A,,G,,,,,,,,,,,,,,,,,,,,,,,
MK689392.1,,,,,,,,,,T,,,,,,,,,,,,,,,,,,,,,,,,,
PQ238647.1,,,,,,,,,,T,,,,,,,,,,,,,,,,,,,,,,,,,
MH341730.1,,,,,,,,,,T,,,,,,,,,,,,,,,,,,,,,TCCGGT,,,,
MH341731.1,,,,,,,,,,T,,,,,,,,,,,,,,,,,,,,,TCCGGT,,,,
MH341732.1,,,,,,,,,,T,,,,,,,,,,,,,,,,,,,,,TCCGGT,,,,
MH341734.1,,,,,,,,,,T,,,,,,,,,,,,,,,,,,,,,TCCGGT,,,,
PQ238712.1,,,,,,,,,,T,,,,,,,,,,,,,,,,,,,,,TCCGGT,,,,
MK419076.1,,,,,,,,,,,,,,,,T,,,,,,,,,,,,,,,,,,,
MN245437.1,,,,,,,,,,,,,,,,T,,,,,,,,,,,,,,,TCCGGT,,,,
MK419070.1,,,,,,,,,,,,,,,,,,A,,,,,,,,,,,,,,,,,
MK105978.1,,,,,,,,,,,,,,,,,,,,A,,,,,,,,,,,TCCGGT,,,,
KM892499.1,,,,,,,,,,,,,,,,,,,,,,,,,,,,TTTTAATACCAT,,,,,,,
PV418226.1,,,,,,,,,,,,,,,,,,,,,,,,,,,,,,,TCCAGT,,,,
PV178657.1,,,,,,,,,,,,,,,,,,,,,,,,,,,,,,,TCCGGT,,,,
PQ426629.1,,,,,,,,,,,,,,,,,,,,,,,,,,,,,,,TCCGGT,,,,
PQ426636.1,,,,,,,,,,,,,,,,,,,,,,,,,,,,,,,TCCGGT,,,,
PQ426637.1,,,,,,,,,,,,,,,,,,,,,,,,,,,,,,,TCCGGT,,,,
PQ426630.1,,,,,,,,,,,,,,,,,,,,,,,,,,,,,,,TCCGGT,,,,
PQ426631.1,,,,,,,,,,,,,,,,,,,,,,,,,,,,,,,TCCGGT,,,,
PQ426632.1,,,,,,,,,,,,,,,,,,,,,,,,,,,,,,,TCCGGT,,,,
PQ426641.1,,,,,,,,,,,,,,,,,,,,,,,,,,,,,,,TCCGGT,,,,
PQ426639.1,,,,,,,,,,,,,,,,,,,,,,,,,,,,,,,TCCGGT,,,,
PQ426638.1,,,,,,,,,,,,,,,,,,,,,,,,,,,,,,,TCCGGT,,,,
PQ426640.1,,,,,,,,,,,,,,,,,,,,,,,,,,,,,,,TCCGGT,,,,
PQ426634.1,,,,,,,,,,,,,,,,,,,,,,,,,,,,,,,TCCGGT,,,,
PQ426635.1,,,,,,,,,,,,,,,,,,,,,,,,,,,,,,,TCCGGT,,,,
PQ426633.1,,,,,,,,,,,,,,,,,,,,,,,,,,,,,,,TCCGGT,,,,
PQ426643.1,,,,,,,,,,,,,,,,,,,,,,,,,,,,,,,TCCGGT,,,,
PQ426644.1,,,,,,,,,,,,,,,,,,,,,,,,,,,,,,,TCCGGT,,,,
PQ426648.1,,,,,,,,,,,,,,,,,,,,,,,,,,,,,,,TCCGGT,,,,
PQ426653.1,,,,,,,,,,,,,,,,,,,,,,,,,,,,,,,TCCGGT,,,,
PQ426654.1,,,,,,,,,,,,,,,,,,,,,,,,,,,,,,,TCCGGT,,,,
PQ426649.1,,,,,,,,,,,,,,,,,,,,,,,,,,,,,,,TCCGGT,,,,
PQ426645.1,,,,,,,,,,,,,,,,,,,,,,,,,,,,,,,TCCGGT,,,,
PQ426646.1,,,,,,,,,,,,,,,,,,,,,,,,,,,,,,,TCCGGT,,,,
PQ426652.1,,,,,,,,,,,,,,,,,,,,,,,,,,,,,,,TCCGGT,,,,
PQ426647.1,,,,,,,,,,,,,,,,,,,,,,,,,,,,,,,TCCGGT,,,,
PV178361.1,,,,,,,,,,,,,,,,,,,,,,,,,,,,,,,TCCGGT,,,,
OQ127002.1,,,,,,,,,,,,,,,,,,,,,,,,,,,,,,,TCCGGT,,,,
PQ238713.1,,,,,,,,,,,,,,,,,,,,,,,,,,,,,,,TCCGGT,,,,
PQ238714.1,,,,,,,,,,,,,,,,,,,,,,,,,,,,,,,TCCGGT,,,,
MW697455.1,,,,,,,,,,,,,,,,,,,,,,,,,,,,,,,TCCGGT,,,,
MK105986.1,,,,,,,,,,,,,,,,,,,,,,,,,,,,,,,TCCGGT,,,,
PP548248.1,,,,,,,,,,,,,,,,,,,,,,,,,,,,,,,TCCGGT,,,,AAAAAAAAAAAAAAAAAAAAAAAA
PP947800.1,,,,,,,,,,,,,,,,,,,,,,,,,,,,,,,TCCGGT,,,,
OQ139574.1,,,,,,,,,,,,,,,,,,,,,,,,,,,,,,,TCCGGT,,,,
PQ415014.1,,,,,,,,,,,,,,,,,,,,,,,,,,,,,,,TCCGGT,,,,
OK085434.1,,,,,,,,,,,,,,,,,,,,,,,,,,,,,,,TCCGGT,,,,
MN245406.1,,,,,,,,,,,,,,,,,,,,,,,,,,,,,,,TCCGGT,,,,
MK419057.1,,,,,,,,,,,,,,,,,,,,,,,,,,,,,,,TCCGGT,,,,
MN245420.1,,,,,,,,,,,,,,,,,,,,,,,,,,,,,,,TCCGGT,,,,
MN245429.1,,,,,,,,,,,,,,,,,,,,,,,,,,,,,,,TCCGGT,,,,
MN245433.1,,,,,,,,,,,,,,,,,,,,,,,,,,,,,,,TCCGGT,,,,
MN245422.1,,,,,,,,,,,,,,,,,,,,,,,,,,,,,,,TCCGGT,,,,
MN245424.1,,,,,,,,,,,,,,,,,,,,,,,,,,,,,,,TCCGGT,,,,
MN245432.1,,,,,,,,,,,,,,,,,,,,,,,,,,,,,,,TCCGGT,,,,
MK419062.1,,,,,,,,,,,,,,,,,,,,,,,,,,,,,,,TCCGGT,,,,
MK419075.1,,,,,,,,,,,,,,,,,,,,,,,,,,,,,,,TCCGGT,,,,
MK419066.1,,,,,,,,,,,,,,,,,,,,,,,,,,,,,,,TCCGGT,,,,
PQ415015.1,,,,,,,,,,,,,,,,,,,,,,,,,,,,,,,TCCGGT,,,,
MN245398.1,,,,,,,,,,,,,,,,,,,,,,,,,,,,,,,TCCGGT,,,,
MN245434.1,,,,,,,,,,,,,,,,,,,,,,,,,,,,,,,TCCGGT,,,,
MN245407.1,,,,,,,,,,,,,,,,,,,,,,,,,,,,,,,TCCGGT,,,,
MN245439.1,,,,,,,,,,,,,,,,,,,,,,,,,,,,,,,TCCGGT,,,,
MN245413.1,,,,,,,,,,,,,,,,,,,,,,,,,,,,,,,TCCGGT,,,,
MN245421.1,,,,,,,,,,,,,,,,,,,,,,,,,,,,,,,TCCGGT,,,,
MN245440.1,,,,,,,,,,,,,,,,,,,,,,,,,,,,,,,TCCGGT,,,,
MN245427.1,,,,,,,,,,,,,,,,,,,,,,,,,,,,,,,TCCGGT,,,,
MN245399.1,,,,,,,,,,,,,,,,,,,,,,,,,,,,,,,TCCGGT,,,,
MN245436.1,,,,,,,,,,,,,,,,,,,,,,,,,,,,,,,TCCGGT,,,,
MN245408.1,,,,,,,,,,,,,,,,,,,,,,,,,,,,,,,TCCGGT,,,,
MN245411.1,,,,,,,,,,,,,,,,,,,,,,,,,,,,,,,TCCGGT,,,,
MK419078.1,,,,,,,,,,,,,,,,,,,,,,,,,,,,,,,TCCGGT,,,,
MN245442.1,,,,,,,,,,,,,,,,,,,,,,,,,,,,,,,TCCGGT,,,,
MG757146.1,,,,,,,,,,,,,,,,,,,,,,,,,,,,,,,TCCGGT,,,,
MN245430.1,,,,,,,,,,,,,,,,,,,,,,,,,,,,,,,TCCGGT,,,,
OQ285849.1,,,,,,,,,,,,,,,,,,,,,,,,,,,,,,,TCCGGT,,,,
MK105976.1,,,,,,,,,,,,,,,,,,,,,,,,,,,,,,,TCCGGT,,,,
PQ415016.1,,,,,,,,,,,,,,,,,,,,,,,,,,,,,,,TCCGGT,,,,
PQ415017.1,,,,,,,,,,,,,,,,,,,,,,,,,,,,,,,TCCGGT,,,,
PQ238718.1,,,,,,,,,,,,,,,,,,,,,,,,,,,,,,,TCCGGT,,,,
PQ238720.1,,,,,,,,,,,,,,,,,,,,,,,,,,,,,,,TCCGGT,,,,
PV178309.1,,,,,,,,,,,,,,,,,,,,,,,,,,,,,,,TTCGGT,,,,
PV178525.1,,,,,,,,,,,,,,,,,,,,,,,,,,,,,,,TTCGGT,,,,
KT803588.1,,,,,,,,,,,,,,,,,,,,,,,,,,,,,,,TCCGAC,,,,
OP321149.1,,,,,,,,,,,,,,,,,,,,,,,,,,,,,,,,,,TA,
KM851229.1,,,,,,,,,,,,,,,,,,,,,,,,,,,,,,,,,,,C
KM851230.1,,,,,,,,,,,,,,,,,,,,,,,,,,,,,,,,,,,C
KM851228.1,,,,,,,,,,,,,,,,,,,,,,,,,,,,,,,,,,,C
MK268345.1,,,,,,,,,,,,,,,,,,,,,,,,,,,,,,,,,,,C
KM851226.1,,,,,,,,,,,,,,,,,,,,,,,,,,,,,,,,,,,C
KT455421.2,,,,,,,,,,,,,,,,,,,,,,,,,,,,,,,,,,,CT
KT455423.1,,,,,,,,,,,,,,,,,,,,,,,,,,,,,,,,,,,CGTAC
KT455427.1,,,,,,,,,,,,,,,,,,,,,,,,,,,,,,,,,,,V
